,debt_ratio_amt,mean_amt,CC_trans,CK_trans,SV_trans,Cluster
0,-0.00900874476433098,0.13915785694651855,0.058255237741038204,0.7043927990144976,0.5878222039835622,2
1,-0.03991058092081517,0.03214970565893204,0.8812654049761304,0.7043927990144976,1.0375666655663764,2
2,0.4768813652169471,-0.031419511289414004,1.4895772677151116,0.7043927990144976,-1.0826572247526052,2
3,-0.0738279928068945,-0.179226955647052,-1.0868023862382206,-1.0676246376216048,0.5235729951860173,1
4,0.17460167961730455,-0.28799185205495,0.058255237741038204,-0.421077735065189,0.13807774240074788,3
5,-2.298522617889123,-0.35013518723057546,-1.0868023862382206,0.7043927990144976,-1.0826572247526052,0
6,-0.2566860862705039,0.05023605021638102,0.16560438998909371,0.7043927990144976,0.3308253687933826,3
7,-0.5147293390959616,-0.42351903827548004,0.022472186991686367,0.7043927990144976,-1.0826572247526052,3
8,0.27497429458930034,0.01906231217356996,-1.0868023862382206,-1.6662791770256933,-0.31166671918206645,1
9,-0.07877337028189693,-0.11768982783424574,-1.0868023862382206,-1.6662791770256933,1.2945635007565561,1
10,0.2642801502517632,0.012904954432223783,-1.0868023862382206,-0.3013468271843712,-0.31166671918206645,3
11,0.8063866771686472,-0.11922862257957212,0.27295354223714924,-1.6662791770256933,-1.0826572247526052,1
12,0.45802203379678896,0.19070505181922115,-1.0868023862382206,-1.2352479086547494,-0.31166671918206645,1
13,-0.8338374794409243,0.31261698285385153,-0.6574057772459985,0.17757680433889964,-1.0826572247526052,3
14,0.5657887487609081,0.20477314279661074,-1.0868023862382206,-1.6662791770256933,0.3308253687933826,1
15,-0.7530390144621696,-0.12980504585427655,-1.0868023862382206,0.7043927990144976,-1.0826572247526052,0
16,0.20436668332009575,0.001863126891920694,-1.0868023862382206,0.7043927990144976,1.1018158743639215,3
17,2.90884732625369,-1.2235846614032384,-0.013310863757665468,-1.6662791770256933,-1.0826572247526052,1
18,0.7419404685563514,0.08321458921142867,-1.0868023862382206,0.7043927990144976,-1.0826572247526052,3
19,-0.18112788747838793,-0.08911183655450829,2.0263230289553893,0.7043927990144976,1.0375666655663764,2
20,0.09567570585696113,0.05220324519357163,1.9905399782060373,0.7043927990144976,1.6800587535418254,2
21,-1.3464280429450561,-0.22415181130048475,-1.0868023862382206,0.6086080727098434,-1.0826572247526052,0
22,0.5213491241182812,-0.012575556763571919,0.6665671004800194,0.7043927990144976,1.4873111271491908,2
23,0.453666433745059,-0.08521131379584578,-0.1564430667550728,0.7043927990144976,0.07382853360320298,3
24,0.38442906507586033,0.06561658252428706,-1.0868023862382206,-0.7563242771314785,0.5878222039835622,1
25,0.21459504937458893,-0.0893492873729422,0.34451964373585287,-1.0915708191977682,-1.0826572247526052,3
26,-0.2908587905041126,0.11458520684159489,0.5234348974826121,0.7043927990144976,-1.0826572247526052,3
27,0.1883520380581249,-0.029420241564454955,-1.0868023862382206,-1.6662791770256933,0.5878222039835622,1
28,0.56737051930601,0.17627349874349416,-1.0868023862382206,-1.6662791770256933,0.5878222039835622,1
29,-0.14056870651821143,0.08440939051489527,2.419936587198259,0.7043927990144976,1.423061918351646,2
30,-0.6796419435426109,0.062230952927881854,-0.6574057772459985,0.7043927990144976,0.4593237863884724,3
31,-0.03446503884657106,-0.05207860929294872,0.7023501512293713,0.7043927990144976,0.9090682479712867,2
32,0.14741356561019006,0.11676342288139038,0.308736592986501,0.7043927990144976,0.26657615999583767,2
33,-0.4704564359864151,-0.2983513820056161,0.773916252728075,0.7043927990144976,0.5878222039835622,2
34,-0.7413164066674418,-0.20423282734569956,0.058255237741038204,0.7043927990144976,-1.0826572247526052,3
35,0.14493775084394356,0.04136091155687269,1.5253603184644635,-1.6662791770256933,-1.0826572247526052,1
36,1.1993660027928668,0.48333451955818346,-1.0868023862382206,-1.6662791770256933,0.716320621578652,1
37,-5.4189182593509155,-0.794877555479131,-1.0868023862382206,0.7043927990144976,-1.0826572247526052,0
38,1.5818043594880673,-0.35982278878700064,0.6307840497306676,-1.6662791770256933,-1.0826572247526052,1
39,-0.5543590475092138,0.05810834735228891,-0.6216227264966466,-0.3971315534890254,0.5878222039835622,3
40,-0.3004150603783748,-0.008004983298846212,1.9189738767073337,0.7043927990144976,0.5878222039835622,2
41,0.8681695092899806,-0.10348736022698143,1.2390959124696488,-1.6662791770256933,-1.0826572247526052,1
42,-2.2964219265723083,0.11889519207817123,-0.29957526975248017,0.7043927990144976,-0.31166671918206645,0
43,0.4944496467653125,0.07749773781416366,1.5253603184644635,-1.6662791770256933,1.8085571711369153,1
44,0.17830498167085684,-0.03468956803622714,-1.0868023862382206,-1.6662791770256933,0.5878222039835622,1
45,1.3300277522872757,0.20518656930135523,-1.0868023862382206,0.22546916749122672,-1.0826572247526052,1
46,0.24768406364317397,0.0005119740360650716,1.0243976079735377,0.7043927990144976,-1.0826572247526052,3
47,0.32933280844063956,0.028176860867067527,-1.0868023862382206,0.7043927990144976,1.230314291959011,3
48,-0.19436453519540375,0.22769778207007435,0.41608574523455655,-1.6662791770256933,0.3308253687933826,1
49,-0.06647765721720458,-0.21552074396891027,-0.8005379802434058,0.7043927990144976,0.9090682479712867,3
50,2.460220520925502,-0.4354031254481825,-0.12066001600572097,0.7043927990144976,1.4873111271491908,2
51,0.4178744466214051,-0.08974753719079008,-0.12066001600572097,0.7043927990144976,-1.0826572247526052,3
52,-0.630025615297832,-0.2510194714341169,0.8812654049761304,0.7043927990144976,0.3308253687933826,2
53,-6.622836331926953,-0.6820743451906699,0.6665671004800194,0.7043927990144976,-1.0826572247526052,0
54,1.4157184522523638,0.29934778821864955,-1.0868023862382206,-1.6662791770256933,2.579547676707454,1
55,-0.5505973929190833,-0.2538163467129451,-1.0868023862382206,0.7043927990144976,0.8448190391737418,3
56,2.873320009563802,-0.6839000523396991,-0.08487696525636913,0.7043927990144976,-1.0826572247526052,2
57,0.2742803162078524,0.018246296065095254,-1.0868023862382206,-1.6662791770256933,-0.31166671918206645,1
58,0.2321310286259199,-0.03140846090821534,-0.335358320501832,0.4649309832528622,0.26657615999583767,3
59,0.26817205603961297,0.016567675370499073,0.308736592986501,0.7043927990144976,0.9090682479712867,2
60,-1.1529237375846704,-0.27309906243849336,-1.0868023862382206,0.7043927990144976,1.4873111271491908,3
61,1.085416002970622,-0.13864993772351117,1.5611433692138152,-1.6662791770256933,-1.0826572247526052,1
62,0.645127358315626,-0.15457856421337363,-0.335358320501832,0.7043927990144976,-1.0826572247526052,3
63,0.02141376698454664,-0.10293253713318619,0.7381332019787231,0.7043927990144976,0.5235729951860173,2
64,-0.08656968597257726,0.10703182900355053,1.9905399782060373,0.7043927990144976,-1.0826572247526052,2
65,0.3558780025358121,-0.06878411217763267,0.20138744073844556,0.7043927990144976,0.26657615999583767,2
66,0.45194920195432897,-0.04662178302812027,0.12982133923974187,0.7043927990144976,0.5878222039835622,2
67,0.1446251479694175,-0.0019193043048851644,-1.0868023862382206,0.7043927990144976,-1.0826572247526052,3
68,1.0287285977040634,-0.09108093829572347,0.9170484557254822,0.7043927990144976,-1.0826572247526052,2
69,0.005650246031778506,-0.03154302034215223,1.7400586229605746,0.7043927990144976,1.0375666655663764,2
70,0.28915812901613014,-0.030174691170211255,0.8454823542267785,0.7043927990144976,1.0375666655663764,2
71,0.6570875442949936,0.18606717648197835,-1.0868023862382206,-1.6662791770256933,0.9733174567688315,1
72,-0.2628558250040668,-0.16796728889432885,-1.0868023862382206,0.009953533305754828,-0.31166671918206645,3
73,-0.2822153210234666,-0.11511546316209248,2.6346348916943705,0.7043927990144976,-1.0826572247526052,2
74,-0.47006464038367596,0.13263702832598306,-0.08487696525636913,0.7043927990144976,-1.0826572247526052,3
75,-0.7456740907383351,-0.2162514849226478,1.5969264199631672,0.7043927990144976,-1.0826572247526052,3
76,-2.7943191129641325,0.260255750940877,0.8454823542267785,0.7043927990144976,1.358812709554101,3
77,-2.209068179314742,-0.3373854646206318,-1.0868023862382206,0.7043927990144976,-1.0826572247526052,0
78,0.09421480842334258,-0.08050861805220365,-1.0868023862382206,-1.6662791770256933,0.5878222039835622,1
79,-0.5441827819338082,-0.07619858053112263,0.5950009989813158,0.7043927990144976,-1.0826572247526052,3
80,-2.4120380997157773,-0.48428400432039187,-0.6216227264966466,0.105738259610409,-1.0826572247526052,0
81,-0.04030654456188153,0.22652641972477805,1.2390959124696488,0.7043927990144976,1.5515603359467356,2
82,0.27358633782640457,0.01665837282698232,-1.0868023862382206,-1.6662791770256933,1.4873111271491908,1
83,0.28610712496075563,-0.01721402342888396,0.022472186991686367,0.34520007537204445,-0.31166671918206645,3
84,-0.5247513872532674,-0.27105447135539595,0.8812654049761304,0.7043927990144976,-1.0826572247526052,3
85,-0.09593214206463323,0.06783926576420651,1.2033128617202968,0.7043927990144976,-1.0826572247526052,3
86,-0.15081999678350316,-0.19307449804298812,0.48765184673326023,0.7043927990144976,0.9090682479712867,2
87,0.16306246550896542,0.04971175118222592,0.6665671004800194,-1.6662791770256933,-1.0826572247526052,1
88,-0.46034894304340546,0.48606516671385464,0.48765184673326023,-1.6183868138733661,-1.0826572247526052,3
89,0.5397114169679429,-0.058468466788379386,0.12982133923974187,-1.6662791770256933,0.716320621578652,1
90,1.144235359841448,0.32378478156744134,-1.0868023862382206,-1.6662791770256933,1.4873111271491908,1
91,0.29864875228674176,-0.037517377704441406,-0.6216227264966466,-0.3492391903366983,-0.31166671918206645,3
92,-1.216443599678787,0.06567053725732823,-1.0510193354888686,0.7043927990144976,-0.31166671918206645,3
93,-2.2222537685622514,-0.3392647744462099,-1.0868023862382206,0.7043927990144976,-1.0826572247526052,0
94,0.11160803236197346,-0.20206308767668288,-0.7289718787447022,0.27336153064355384,0.26657615999583767,3
95,-0.046719071527993365,0.13352110234704342,0.5592179482319639,0.7043927990144976,0.9090682479712867,2
96,0.19153120929205508,-0.017336676626866693,-1.0868023862382206,-0.3731853719128619,-0.18316830158697664,1
97,0.7199175960459895,0.012234242249684408,0.6665671004800194,-1.6662791770256933,0.5878222039835622,1
98,-0.48138711649901034,0.3772062160500724,0.34451964373585287,-1.1155170007739317,-1.0826572247526052,3
99,-0.8859390005381853,-0.08220126702730322,0.41608574523455655,0.7043927990144976,-1.0826572247526052,3
100,-0.6975624243296088,-0.23860803657433174,0.7381332019787231,0.369146256948208,-0.31166671918206645,3
101,-3.962664020428685,-0.5873211961557768,-1.0868023862382206,0.7043927990144976,-1.0826572247526052,0
102,-0.4163969788850393,-0.18745378552621905,1.3822281154670562,0.7043927990144976,1.358812709554101,2
103,-0.5701475766919442,-0.1258144663270731,1.0243976079735377,0.7043927990144976,-1.0826572247526052,3
104,0.40806184239003157,-0.08667548684333418,-0.1564430667550728,0.7043927990144976,0.13807774240074788,3
105,0.1939913939145753,-0.003143850224523908,-1.0868023862382206,-0.3013468271843712,-1.0826572247526052,3
106,0.40520152608811805,0.18377053222641035,1.2390959124696488,-1.6662791770256933,1.1660650831614663,1
107,-0.032862428109834044,-0.060473847795340124,-0.049093914507017306,-0.421077735065189,-0.3759159279796113,3
108,0.29786099304293606,0.004836398432012628,1.4537942169657598,0.7043927990144976,0.9090682479712867,2
109,-0.3616893918238125,-0.0831915868701758,-0.2637922190031283,-0.3492391903366983,0.00957932480565807,3
110,0.33750112155200584,-0.0035406628075882623,-0.335358320501832,-0.8042166402838057,-0.31166671918206645,1
111,-0.16589579141231403,0.20751261185712788,0.27295354223714924,0.7043927990144976,-1.0826572247526052,3
112,0.49416517814949373,-0.025099693850572598,1.9189738767073337,0.7043927990144976,-1.0826572247526052,2
113,0.5832319891594631,-0.1367549370651667,-0.3711413712511838,-1.6662791770256933,1.358812709554101,1
114,0.09207660476158425,-0.009344761287598442,-1.0868023862382206,0.7043927990144976,-1.0826572247526052,3
115,0.7824287928649687,-0.03393513096309231,0.058255237741038204,0.7043927990144976,-1.0826572247526052,3
116,0.17132143345394435,-0.05175570356216491,-1.0868023862382206,-1.6662791770256933,0.26657615999583767,1
117,0.20974345276194425,0.09048614785940227,0.7381332019787231,-1.6662791770256933,1.358812709554101,1
118,0.23304799705786314,0.002171364986723172,-1.0868023862382206,0.22546916749122672,-1.0826572247526052,3
119,-1.1956388363694948,0.37694530641749324,-0.8005379802434058,-1.043678456045441,-0.31166671918206645,3
120,0.11010128650675777,-0.026131420809100935,-1.0868023862382206,-1.6662791770256933,2.386800050314819,1
121,0.7359541235091771,0.14526946891822598,0.9528315064748341,-1.6662791770256933,1.4873111271491908,1
122,-1.2979183288760998,-0.20745734368753982,-1.0868023862382206,0.7043927990144976,-1.0826572247526052,0
123,1.0284066167433015,-0.1193075544364373,0.7381332019787231,0.7043927990144976,-1.0826572247526052,2
124,0.1460724992784734,-0.14476751648542938,0.23717049148779737,0.7043927990144976,-1.0826572247526052,3
125,0.21426681635633646,-0.00593674961564037,-1.0868023862382206,-1.6662791770256933,1.2945635007565561,1
126,0.10134215396253715,-0.09285820676322294,-1.0868023862382206,-1.6662791770256933,0.3308253687933826,1
127,1.0583821063816068,0.29349955669832073,-1.0868023862382206,-1.6662791770256933,1.4873111271491908,1
128,1.2228674868997371,0.42291342931451337,-1.0868023862382206,-1.6662791770256933,1.0375666655663764,1
129,-1.3469782240042218,-0.21444973069622228,-1.0868023862382206,0.7043927990144976,-1.0826572247526052,0
130,0.5944888186711471,-0.14822881585031136,-0.2637922190031283,-1.6662791770256933,1.423061918351646,1
131,0.4970317465088978,0.04412146322159419,-0.4784905234992393,-0.0618850114227358,-1.0826572247526052,3
132,-0.47610725394826486,-0.1674135738681672,-1.0868023862382206,0.7043927990144976,-0.05466988399188683,3
133,0.2826955855900944,-0.11321394593462453,-0.013310863757665468,-0.6365933692506609,0.26657615999583767,1
134,0.4446238745946014,0.04083878136156312,-1.0868023862382206,0.7043927990144976,-1.0826572247526052,3
135,0.7768550836121689,-0.011027242373039953,-0.2637922190031283,0.7043927990144976,-1.0826572247526052,3
136,0.5207551786566815,0.10916534831046919,-1.0868023862382206,-1.6662791770256933,1.358812709554101,1
137,-0.8762170511404244,-0.40473102804842637,-1.0868023862382206,-0.1097773745750629,-0.31166671918206645,3
138,1.8121614177263319,-0.1276854449486325,3.958607769420388,-1.6662791770256933,-1.0826572247526052,2
139,0.8300632188852521,0.033246155804512074,0.3803026944852047,0.7043927990144976,0.5235729951860173,2
140,0.22901333595731324,-0.008834303532516536,-0.40692442200053563,0.7043927990144976,0.5235729951860173,3
141,0.4980018574295104,0.022492310384996442,0.308736592986501,0.7043927990144976,0.8448190391737418,2
142,-0.1576368234673351,-0.21323387976672414,0.41608574523455655,0.7043927990144976,0.07382853360320298,2
143,0.04438382620472265,-0.17016214391135723,-0.335358320501832,0.7043927990144976,0.4593237863884724,3
144,-0.8826097799244828,-0.20702311361458026,1.0601806587228897,0.7043927990144976,-1.0826572247526052,3
145,-0.28507667933496195,-0.18029409887503578,-1.0868023862382206,0.7043927990144976,0.26657615999583767,3
146,-0.3921244076876714,-0.15265080901208275,0.4518687959839084,0.7043927990144976,1.5515603359467356,2
147,0.5477703190732252,0.0090848611607604,0.7381332019787231,0.7043927990144976,-1.0826572247526052,3
148,0.5865893440318731,0.27538967024460453,0.022472186991686367,-1.0197322744692776,-0.31166671918206645,1
149,0.6073816032261842,0.2343195576929402,-1.0868023862382206,-0.7323780955553151,0.5878222039835622,1
150,0.0927737091717774,-0.02302244065738169,-1.0868023862382206,0.7043927990144976,0.8448190391737418,3
151,-0.5259330261189757,-0.12841100441234346,0.9528315064748341,0.7043927990144976,1.230314291959011,2
152,-0.10118699638541653,-0.10928906289549288,0.8096993034774267,0.7043927990144976,0.9733174567688315,2
153,0.18616173391727875,-0.0710677067191047,0.20138744073844556,0.7043927990144976,1.4873111271491908,2
154,0.052726154916241934,-0.052389231492365525,0.8812654049761304,0.7043927990144976,1.4873111271491908,2
155,0.27712500236603976,0.01733015957608699,-1.0868023862382206,0.7043927990144976,0.652071412781107,3
156,0.159892672361271,-0.055991120270267696,-1.0868023862382206,-0.9000013665884599,-0.31166671918206645,1
157,0.44895655043553273,-0.024771720694819668,1.0601806587228897,-1.6662791770256933,-1.0826572247526052,1
158,-0.08682185229136154,-0.11899829317804157,0.8812654049761304,0.7043927990144976,0.39507457759092746,2
159,0.4683400126753129,-0.053485766181972615,-0.2637922190031283,0.7043927990144976,-0.31166671918206645,3
160,-0.09881746659650884,0.5142664660741492,-0.6574057772459985,-1.3789249981117306,-0.31166671918206645,1
161,0.4782349356636449,-0.033021862471752955,0.41608574523455655,0.7043927990144976,1.4873111271491908,2
162,0.5480172753441007,-0.147032988233748,0.09403828849039003,-1.6662791770256933,0.652071412781107,1
163,-0.5708748993800081,-0.4023023033950157,0.16560438998909371,0.7043927990144976,-0.31166671918206645,3
164,-0.3681727754414829,-0.36018614330710724,0.3803026944852047,0.7043927990144976,0.3308253687933826,2
165,-0.06635678410572121,0.06594552986077602,0.48765184673326023,0.7043927990144976,-1.0826572247526052,3
166,-0.5803030020757142,0.24487130711487232,-0.1564430667550728,0.7043927990144976,-0.31166671918206645,3
167,0.2737738995511202,0.017650824850802906,-1.0868023862382206,-1.6662791770256933,-0.31166671918206645,1
168,1.1462172620659434,-0.19972848075737765,-0.013310863757665468,0.7043927990144976,-1.0826572247526052,3
169,0.26784382302136056,0.004001100854498829,-1.0868023862382206,-1.570494450721039,-0.632912763169791,1
170,0.3670858575971537,-0.2914282800602977,-0.013310863757665468,0.7043927990144976,0.8448190391737418,2
171,0.007955171226617364,-0.0008894976762132053,0.12982133923974187,-0.4450239166413525,-0.31166671918206645,3
172,2.180854626028621,-0.3562751666320103,1.3822281154670562,0.7043927990144976,-1.0826572247526052,2
173,0.040063654478772345,0.006383104523732442,0.7381332019787231,0.17757680433889964,-0.632912763169791,3
174,-0.12097267432375365,0.4144974436828569,-0.335358320501832,-0.9718399113169505,0.26657615999583767,1
175,0.8770661870989928,-0.13401144093398487,0.9886145572241859,0.7043927990144976,0.4593237863884724,2
176,0.6915738934127104,0.06758218889368728,1.6684925214618709,0.7043927990144976,2.0655540063270945,2
177,0.3790001951549241,0.044916443068225925,1.2390959124696488,0.7043927990144976,1.0375666655663764,2
178,0.25345679672608884,-0.14677002248214147,0.5950009989813158,0.7043927990144976,-0.05466988399188683,2
179,-0.3060835925031142,0.15834302919655033,-0.550056624997943,0.5607157095575164,-0.31166671918206645,3
180,0.48577179096846856,-0.028518957267162286,0.5592179482319639,-0.1097773745750629,-1.0826572247526052,3
181,-0.28516212412066577,-0.14759243711532397,-0.5142735742485912,0.7043927990144976,0.26657615999583767,3
182,-1.0847919410817122,-0.17714511877682848,-1.0868023862382206,0.7043927990144976,-1.0826572247526052,0
183,0.05405784316172301,0.013573700064743198,0.8812654049761304,0.7043927990144976,1.4873111271491908,2
184,-3.487920286943425,-0.9145932166997303,-1.0868023862382206,-0.3013468271843712,-1.0826572247526052,0
185,-0.4789488140777069,-0.16784334676747506,-0.8363210309927577,-0.08583119299889935,0.4593237863884724,3
186,0.22967188601298155,-0.02036149112903376,-0.013310863757665468,0.24941534906739027,-1.0826572247526052,3
187,0.5544037520706685,0.0564854391270092,-1.0868023862382206,0.7043927990144976,-1.0826572247526052,3
188,0.1708045967013945,-0.01391491760392404,1.4537942169657598,0.7043927990144976,0.5235729951860173,2
189,0.1045327873018661,0.4466534363283776,0.5950009989813158,0.7043927990144976,2.451049259112364,2
190,0.4956239915639488,0.04351983812303644,0.5592179482319639,0.7043927990144976,0.5878222039835622,2
191,0.22073769585902617,-0.012505013680397276,-1.0868023862382206,-1.0915708191977682,-1.0826572247526052,1
192,0.6184435769460803,-0.0998449926317357,0.41608574523455655,-1.6662791770256933,-1.0826572247526052,1
193,-0.9136043549337428,0.24571570385749095,0.6665671004800194,0.7043927990144976,-1.0826572247526052,3
194,0.7308618226831474,0.10459901571631208,1.6684925214618709,0.7043927990144976,1.4873111271491908,2
195,-2.301504849312102,-0.35056023739027214,-1.0868023862382206,0.7043927990144976,-1.0826572247526052,0
196,0.37467585539064674,-0.015524473777112066,0.09403828849039003,-1.6662791770256933,-1.0826572247526052,1
197,-1.4160447031020131,-0.2243016270601822,-1.0868023862382206,0.7043927990144976,-1.0826572247526052,0
198,0.7638195437444315,-0.08321676090908413,3.8154755664229807,-1.6662791770256933,2.451049259112364,2
199,0.7994844056991114,0.1480041773159909,-1.0868023862382206,0.5128233464051892,0.3308253687933826,1
200,0.4615190179531539,-0.02923623665274074,0.6665671004800194,0.7043927990144976,0.26657615999583767,2
201,0.6176308094723124,0.09612720608300697,-1.0868023862382206,0.7043927990144976,0.39507457759092746,3
202,-1.6486243677781582,-0.36382796011531565,0.5592179482319639,0.7043927990144976,-1.0826572247526052,0
203,0.26527110136401094,0.011595865028705651,-1.0868023862382206,-1.6662791770256933,0.3308253687933826,1
204,-0.6487359393477995,0.08633147597030044,0.8454823542267785,0.7043927990144976,1.4873111271491908,2
205,-0.618717727316642,-0.19604695367640382,-0.1564430667550728,0.7043927990144976,0.5878222039835622,3
206,0.4009188667071108,0.12293376804182969,-1.0868023862382206,-1.3789249981117306,0.3308253687933826,1
207,0.26572750156081903,0.026893660870626928,-0.29957526975248017,-1.6662791770256933,-1.0826572247526052,1
208,0.03926860116789438,0.013715986036039594,-0.29957526975248017,0.4649309832528622,-1.0826572247526052,3
209,-3.0415025419285544,0.054762562856320626,0.7023501512293713,0.7043927990144976,0.26657615999583767,0
210,0.24779660067800335,0.00950186241871381,0.8454823542267785,0.7043927990144976,1.4873111271491908,2
211,0.7987195706661043,0.013108448280239415,1.3822281154670562,0.7043927990144976,1.4873111271491908,2
212,0.037702460766518744,-0.2949227277118254,-0.6216227264966466,0.7043927990144976,-1.0826572247526052,3
213,-0.668602894033513,0.054153455336806225,-0.8721040817421095,0.7043927990144976,-0.31166671918206645,3
214,-0.5589605618222377,0.03761729832281808,0.6307840497306676,0.29730771221971736,0.4593237863884724,2
215,-0.17449549649052637,-0.15130179219271464,1.3822281154670562,0.7043927990144976,-1.0826572247526052,2
216,0.6904485230644163,-0.03040702900624763,-0.40692442200053563,0.7043927990144976,-1.0826572247526052,3
217,0.021105332148347575,-0.17864690736535976,-0.3711413712511838,0.7043927990144976,0.5878222039835622,3
218,-0.4575480212876518,-0.23595988119337008,2.706200993193074,0.7043927990144976,-1.0826572247526052,2
219,0.5656428674194626,0.01343240251116958,0.20138744073844556,0.7043927990144976,0.8448190391737418,2
220,-3.999560537708998,-0.7503976284050573,0.8812654049761304,0.7043927990144976,-1.0826572247526052,0
221,-0.5480684356641674,-0.08101949050708653,-0.8363210309927577,-0.3971315534890254,-1.0826572247526052,3
222,0.14819298877734186,-0.10887397319657777,-0.013310863757665468,0.7043927990144976,2.386800050314819,2
223,-0.2365482090935341,0.22524464424709226,-0.550056624997943,-0.6605395508268244,0.26657615999583767,1
224,-3.007580962004148,0.5644293272406548,0.6307840497306676,0.7043927990144976,-1.0826572247526052,0
225,-0.2596016290802504,-0.11304302922787658,0.09403828849039003,0.7043927990144976,1.230314291959011,2
226,0.4517762283637579,0.12164141820601793,-1.0868023862382206,-1.6662791770256933,0.4593237863884724,1
227,-0.6047871012181785,-0.14443134136903352,-1.0868023862382206,0.7043927990144976,2.451049259112364,2
228,0.7825975984172129,-0.1871912728657651,-0.013310863757665468,-1.6662791770256933,-1.0826572247526052,1
229,1.4713638479371685,0.11295142426834252,0.27295354223714924,0.7043927990144976,0.9090682479712867,2
230,0.20174602922198548,0.06358014731387061,0.23717049148779737,0.7043927990144976,0.20232695119829278,2
231,-0.14229114835685017,-0.31099669396380697,0.09403828849039003,-1.211301727078586,-1.0826572247526052,3
232,2.683019883667308,-0.6235993066486533,-0.049093914507017306,0.7043927990144976,-1.0826572247526052,2
233,0.2537298032365083,0.06508201177509278,-0.335358320501832,-1.4028711796878943,-0.31166671918206645,1
234,0.5858828615354442,0.004144893957988326,0.3803026944852047,0.7043927990144976,1.8085571711369153,2
235,0.10759421145305859,-0.17079596543224915,-0.5142735742485912,0.7043927990144976,0.5235729951860173,3
236,0.731780875134254,0.15129551710295336,-1.0868023862382206,-1.6662791770256933,2.00130479752955,1
237,-1.7438880097708165,-0.33773285789502966,2.3483704856995558,0.7043927990144976,2.00130479752955,2
238,0.3042870661336105,0.023605895603310435,-1.0868023862382206,0.7043927990144976,0.4593237863884724,3
239,0.3968769115394886,0.031605548555313216,1.0601806587228897,0.7043927990144976,1.230314291959011,2
240,-2.0226255728899,0.9318940527906331,0.23717049148779737,-1.6662791770256933,-1.0826572247526052,3
241,0.009593210289134036,-0.13806489768664637,-1.0868023862382206,-1.6662791770256933,0.4593237863884724,1
242,0.05024096206375962,0.03604146440845958,1.5611433692138152,0.7043927990144976,-1.0826572247526052,2
243,-0.08347491751476908,-0.11564650919301021,-0.335358320501832,-0.421077735065189,-0.31166671918206645,3
244,-3.7436419424207354,-0.556104514406298,-1.0868023862382206,0.7043927990144976,-1.0826572247526052,0
245,-0.8153407673552164,-0.22365018961467806,-0.19222611750442464,0.7043927990144976,-1.0826572247526052,3
246,0.14913913347757402,-0.14898072919922004,-0.19222611750442464,0.7043927990144976,0.26657615999583767,3
247,0.5420809467568506,0.07481606142286842,-1.0868023862382206,0.7043927990144976,0.9090682479712867,3
248,0.2282985173842303,-0.02596186636903806,0.9170484557254822,0.7043927990144976,0.4593237863884724,2
249,0.17873845765686633,-0.05778148963237705,1.8831908259579817,0.7043927990144976,1.4873111271491908,2
250,0.18810195575850402,-0.013496730554570615,-1.0868023862382206,-1.6662791770256933,1.4873111271491908,1
251,0.3403791520168093,0.054555337143983126,-1.0868023862382206,-0.15766973772738999,-0.31166671918206645,3
252,0.4763968307614317,0.02136766357077133,0.773916252728075,0.7043927990144976,-1.0826572247526052,3
253,0.7150378651746374,-0.06696446710952364,1.3464450647177042,-1.6662791770256933,-1.0826572247526052,1
254,0.5929476864997336,0.10228367172489554,0.27295354223714924,0.7043927990144976,0.26657615999583767,2
255,0.4487606526341631,0.057660710654021896,0.41608574523455655,0.7043927990144976,1.0375666655663764,2
256,0.6041826338102007,0.22947016103786716,-1.0868023862382206,-1.6662791770256933,0.3308253687933826,1
257,0.4721641878403485,0.07152778029470644,-1.0868023862382206,-1.6662791770256933,2.1940524239221846,1
258,0.1387857262732704,-0.007831497722754679,1.4895772677151116,0.7043927990144976,0.4593237863884724,2
259,-0.45781060770225374,0.17111666828570735,-0.6574057772459985,0.5128233464051892,-1.0826572247526052,3
260,0.40723344477253753,-0.1419102554487829,0.9886145572241859,-1.6662791770256933,0.5878222039835622,1
261,1.745961506987945,0.35435653549420676,-1.0868023862382206,0.7043927990144976,0.4593237863884724,1
262,-1.0540068099983841,0.2740690425710997,2.8135501454411296,0.7043927990144976,-1.0826572247526052,2
264,0.8828180799902725,0.4077827129378818,-1.0868023862382206,-1.6662791770256933,0.3308253687933826,1
265,0.7014521442477342,0.2913510484382681,-1.0868023862382206,-1.6662791770256933,0.3308253687933826,1
266,-0.13798660677462604,-0.2641529037136955,0.12982133923974187,-1.6662791770256933,0.716320621578652,1
267,0.655990308205407,-0.20198462238608383,-0.12066001600572097,-1.6662791770256933,0.716320621578652,1
268,-3.1142723230798977,-0.4664019999911036,-1.0868023862382206,0.7043927990144976,-1.0826572247526052,0
269,0.21025924750491223,0.007435363570372689,-1.0868023862382206,0.7043927990144976,-1.0826572247526052,3
270,0.18655769755834523,0.0040572395548361265,-1.0868023862382206,0.7043927990144976,-1.0826572247526052,3
271,0.3063096067317941,0.05590801249496814,-1.0868023862382206,-1.6662791770256933,-0.31166671918206645,1
272,0.5724430219499864,0.07586962276111868,1.3106620139683525,0.7043927990144976,0.5878222039835622,2
273,0.3750197185526254,0.1181400499580117,0.09403828849039003,-1.6662791770256933,0.5878222039835622,1
274,0.15024574765339632,0.07294240077468273,0.6307840497306676,0.7043927990144976,-0.31166671918206645,2
275,-0.21839015012189625,-0.14416016837128456,-0.3711413712511838,0.7043927990144976,0.39507457759092746,3
276,-0.955577542896359,1.5487580224741229,-0.6574057772459985,-1.6662791770256933,-0.31166671918206645,1
277,-0.1786374845779969,0.09425518245595965,0.7381332019787231,0.7043927990144976,-1.0826572247526052,3
278,0.28500884686158734,0.007348274327309718,0.20138744073844556,0.7043927990144976,-1.0826572247526052,3
279,2.2726098217595148,-0.49196526154691733,-0.1564430667550728,0.7043927990144976,-1.0826572247526052,2
280,0.37086210032142863,-0.022003414450328333,0.41608574523455655,0.7043927990144976,0.4593237863884724,2
281,0.2756120044533335,0.019812164813789952,-1.0868023862382206,-1.6662791770256933,-0.31166671918206645,1
282,-0.018743198277072992,-0.20782625514689942,-1.0868023862382206,-0.6365933692506609,-0.31166671918206645,3
283,-0.4955917911174751,0.2121380947356271,-0.335358320501832,-0.013992648270408716,-1.0826572247526052,3
284,-0.02696882191543573,-0.24482041421524878,-0.22800916825377648,0.24941534906739027,-0.31166671918206645,3
285,0.746395059518348,0.10942900724411568,0.6307840497306676,-1.6662791770256933,1.230314291959011,1
286,-0.3651238554052723,-0.137415033658564,0.6307840497306676,0.7043927990144976,0.9090682479712867,2
287,0.12095798433904835,0.027857001864484036,1.7758416737099263,0.7043927990144976,-1.0826572247526052,2
288,1.004055894827302,-0.23169985804621815,0.20138744073844556,0.7043927990144976,1.0375666655663764,2
289,0.14215558526066147,0.589938359866703,-0.979453233990165,-1.6662791770256933,0.3308253687933826,1
290,-2.7773364408007133,-0.41837935175968827,-1.0868023862382206,0.7043927990144976,-1.0826572247526052,0
291,0.24001278910230409,0.009707400690842331,-1.0868023862382206,0.7043927990144976,1.4873111271491908,3
292,0.26771357182364136,0.005415377677903789,0.3803026944852047,0.7043927990144976,0.26657615999583767,2
293,0.3196702535890386,0.0016053586310654229,-0.2637922190031283,0.7043927990144976,0.5235729951860173,2
294,-0.21056361615334496,0.14496901228140202,0.34451964373585287,0.7043927990144976,-1.0826572247526052,3
295,-0.735542631574945,-0.051023337303563704,1.2033128617202968,0.7043927990144976,-1.0826572247526052,3
296,-0.5943076108544827,0.2424043093888687,1.3822281154670562,0.7043927990144976,1.4873111271491908,2
297,0.4543364459061265,0.13519573982764166,-0.29957526975248017,-1.6662791770256933,0.5878222039835622,1
298,0.4006500282350184,0.045040400280687315,-1.0868023862382206,0.7043927990144976,0.652071412781107,3
299,0.6110077965706866,0.0843990838437931,0.34451964373585287,0.7043927990144976,0.20232695119829278,2
300,0.8978542782549768,-0.7131687910012551,-0.6574057772459985,-1.6662791770256933,-1.0826572247526052,1
301,-0.8946293604500103,-0.13509856885989371,0.5950009989813158,0.7043927990144976,-1.0826572247526052,3
302,-0.01053216277285472,-0.1332270879006892,0.5234348974826121,0.7043927990144976,1.358812709554101,2
303,0.49129548376134435,0.1893992670943867,-0.550056624997943,-1.6423329954495298,0.26657615999583767,1
304,-0.3215636868496456,0.15546302794266337,0.48765184673326023,-0.1097773745750629,-0.8899095983599705,3
305,-0.9703792890051687,-0.3802596662313675,0.48765184673326023,0.7043927990144976,-1.0826572247526052,3
306,0.5636755533291118,0.15792954554494018,-1.0868023862382206,-1.6662791770256933,0.7805698303761969,1
307,0.4609573747885887,0.48856472217594327,0.27295354223714924,0.7043927990144976,-1.0826572247526052,3
308,1.1162855368300721,-0.17217246768824032,0.34451964373585287,-1.6662791770256933,1.0375666655663764,1
309,-0.22793808391950418,-0.13538957355143819,0.8812654049761304,0.7043927990144976,-1.0826572247526052,3
310,0.4502413482498349,-0.012948278467718394,1.4180111662164079,0.7043927990144976,-1.0826572247526052,2
311,0.14865147299331333,-0.001345442034770296,-1.0868023862382206,0.7043927990144976,-1.0826572247526052,3
312,0.15781073721692732,-0.14279639057523058,0.058255237741038204,0.7043927990144976,-0.6971619719673359,3
313,-0.519395458003054,-0.011386488978260422,1.6684925214618709,0.7043927990144976,0.5235729951860173,2
314,0.33583807425952716,0.02533380698268263,-1.0868023862382206,0.7043927990144976,-1.0826572247526052,3
315,0.18544170529628715,-0.0033080544479458076,-1.0868023862382206,0.7043927990144976,0.5235729951860173,3
316,2.139125268308135,0.3624411630489389,0.6665671004800194,-1.6662791770256933,2.00130479752955,1
317,0.31898877932257175,0.03776596539626076,-1.0868023862382206,-0.4929162797936796,-0.31166671918206645,1
318,-0.22141406192814503,-0.3004535564759028,-0.013310863757665468,0.7043927990144976,-1.0826572247526052,3
319,-0.020857435718450976,0.30034159446550457,-0.22800916825377648,-1.6662791770256933,0.4593237863884724,1
320,0.09049900225480934,-0.10187277939703455,0.6665671004800194,0.7043927990144976,0.5235729951860173,2
321,0.285208912701284,0.13772299604493982,-0.1564430667550728,-0.3252930087605348,-1.0826572247526052,3
322,0.2708573147317919,0.023956644465264666,0.022472186991686367,0.58466189113368,-1.0826572247526052,3
323,0.2318788623071356,-0.003509316996541056,-1.0868023862382206,-1.6662791770256933,0.7805698303761969,1
324,-1.331350164297082,-0.20165690912832634,2.920899297689185,0.7043927990144976,1.4873111271491908,2
325,0.2963250709194313,0.01970211513931915,-1.0868023862382206,0.7043927990144976,-1.0826572247526052,3
326,-0.18112788747838793,-0.12014653921005747,0.8454823542267785,0.7043927990144976,1.4873111271491908,2
327,0.32367782244046284,0.023600635996077944,-1.0868023862382206,0.7043927990144976,-1.0826572247526052,3
328,0.9890467888117235,0.2692594673787385,-1.0868023862382206,-1.6662791770256933,1.4873111271491908,1
329,0.5176729143138546,-0.021130062181266087,1.0243976079735377,0.7043927990144976,1.230314291959011,2
330,0.2778877533798833,-0.4001243731447068,-0.335358320501832,-0.8042166402838057,0.4593237863884724,1
331,0.15196089542496274,-0.056395154220080554,1.7042755722112226,0.7043927990144976,1.9370555887320051,2
332,0.4426690646192316,-0.00942831412451504,1.2033128617202968,0.7043927990144976,0.4593237863884724,2
333,0.10610622177031451,-0.00740931276168302,-1.0868023862382206,0.7043927990144976,-1.0826572247526052,3
334,0.513781008526005,0.06599812921576441,-1.0868023862382206,0.7043927990144976,1.358812709554101,1
335,0.7918693996756562,0.2954212912032138,0.4518687959839084,0.7043927990144976,2.1940524239221846,2
336,0.20227745410867978,0.042611863821841234,0.20138744073844556,-0.08583119299889935,-0.31166671918206645,3
337,0.08858795668187326,-0.02923624581063105,-1.0868023862382206,-0.3013468271843712,-1.0826572247526052,3
338,-1.3123637077079497,-0.12582531889937168,1.9189738767073337,0.7043927990144976,-1.0826572247526052,3
339,0.7740572878851604,0.021615423224175208,4.459570479911314,0.7043927990144976,-1.0826572247526052,2
340,0.28767222335254955,0.018468845912861107,-1.0868023862382206,0.7043927990144976,-1.0826572247526052,3
341,0.442773265577407,0.006147203170251454,0.23717049148779737,-0.3252930087605348,-0.31166671918206645,3
342,0.22463064365645766,-0.20431380725467357,-0.08487696525636913,0.7043927990144976,-0.31166671918206645,3
343,-1.0832060024982832,-0.17114407349322633,0.022472186991686367,0.29730771221971736,-0.31166671918206645,3
344,-1.8774965623624245,-0.657873285032091,-1.0868023862382206,-0.5887010060983338,-1.0826572247526052,0
345,0.8355421052661125,0.09619742109134453,0.48765184673326023,0.7043927990144976,0.3308253687933826,2
346,-2.783926109395723,-0.3229646212370485,0.9170484557254822,0.7043927990144976,1.423061918351646,2
347,-0.07210867699700102,-0.07132294613517352,-1.0868023862382206,0.7043927990144976,-0.31166671918206645,3
348,0.2378933416130173,0.00037356999307769134,2.1694552319527967,0.7043927990144976,-1.0826572247526052,2
349,0.27429282032283353,0.018260999058040746,-1.0868023862382206,-1.6662791770256933,-0.31166671918206645,1
350,0.2524137451347535,0.011183097467538138,-1.0868023862382206,0.7043927990144976,-0.31166671918206645,3
351,0.2751493521990349,0.02727936744841039,1.3822281154670562,-1.6662791770256933,-1.0826572247526052,1
352,0.1356388573363746,-0.1076295837169581,1.167529810970945,0.7043927990144976,0.4593237863884724,2
353,0.201946095061682,-0.06536754006317584,0.8454823542267785,0.7043927990144976,2.00130479752955,2
354,0.5809312320029512,0.06118132527630302,0.12982133923974187,-1.30708645338324,-0.31166671918206645,1
355,1.7892226187936089,0.839373956587268,-1.0868023862382206,-1.6662791770256933,0.5878222039835622,1
356,1.224483643761037,0.08005818068409212,1.1317467602215932,0.7043927990144976,-1.0826572247526052,2
357,0.31058601405531083,0.038631995784017305,-1.0868023862382206,-1.6662791770256933,0.4593237863884724,1
358,1.0916430522311813,0.13305684420615838,-1.0868023862382206,0.7043927990144976,-1.0826572247526052,3
359,0.29725037542802846,0.025709654497682383,-1.0868023862382206,0.7043927990144976,-0.31166671918206645,3
360,-0.3714853239018779,-0.24543229486797644,0.7023501512293713,0.7043927990144976,-1.0826572247526052,3
361,0.3447785164709729,-0.0925551296006342,-0.7289718787447022,0.7043927990144976,0.5235729951860173,3
362,0.6719278447583282,-0.07557632941872039,-0.22800916825377648,0.7043927990144976,1.0375666655663764,2
363,0.734728720241035,-0.4325173933398789,-0.4427074727498875,-1.6662791770256933,0.5878222039835622,1
364,-0.21323845474970654,-0.129503311977339,1.2748789632190005,0.7043927990144976,1.230314291959011,2
365,0.505712728334487,-0.053244504495253184,0.5950009989813158,-1.6662791770256933,-1.0826572247526052,1
366,-0.737124402120047,-0.2210816716051197,-1.0868023862382206,0.7043927990144976,0.26657615999583767,3
367,0.44489271306669376,0.1513500407017929,-1.0868023862382206,-1.6662791770256933,0.07382853360320298,1
368,0.19226582604719136,0.004870805164486624,-1.0868023862382206,0.7043927990144976,-1.0826572247526052,3
369,0.8466436753501152,-0.4336281376251245,-0.4427074727498875,-1.6662791770256933,-1.0826572247526052,1
370,-0.5546487261729413,-0.13546897118217427,0.9528315064748341,0.7043927990144976,-1.0826572247526052,3
371,0.5964738469243877,-0.11695421068322094,0.12982133923974187,-1.6662791770256933,-1.0826572247526052,1
372,-0.03951357527016709,-0.06410750260382732,0.8454823542267785,-1.6662791770256933,0.9090682479712867,1
373,-1.3676662822403576,-0.21746250761432534,-1.0868023862382206,0.7043927990144976,-1.0826572247526052,0
374,-0.4289729925272233,-0.2953929914621062,-0.013310863757665468,0.7043927990144976,-1.0826572247526052,3
375,-0.8401510154967692,-0.31592630793641163,-0.08487696525636913,0.7043927990144976,0.26657615999583767,3
376,0.8241175122117661,0.25949484218881486,-1.0868023862382206,-1.6662791770256933,0.9733174567688315,1
377,0.08559947320140396,-0.021376799623705995,-1.0868023862382206,0.009953533305754828,-1.0826572247526052,3
378,0.19954322096615837,-0.002258617110141518,-1.0868023862382206,0.7043927990144976,-0.31166671918206645,3
379,-1.0547570568972469,0.4740176621464329,0.5592179482319639,-1.6662791770256933,-1.0826572247526052,3
380,0.3777393635610023,-0.013205580231588703,0.34451964373585287,-1.211301727078586,-0.31166671918206645,1
381,-0.3976428904326383,-0.17964292926393807,0.48765184673326023,0.7043927990144976,0.652071412781107,2
382,-1.4018587846560198,-0.22233588145789426,-1.0868023862382206,0.7043927990144976,-1.0826572247526052,0
383,0.4934962079980079,-0.0358750199765371,0.8812654049761304,-1.6662791770256933,-1.0826572247526052,1
384,-1.8915386834861352,0.3574968615621377,0.34451964373585287,0.7043927990144976,-1.0826572247526052,0
385,0.08444075854649397,0.09950045418498772,0.7023501512293713,0.7043927990144976,0.5878222039835622,2
386,0.5042434948242144,0.1719398319656487,-1.0868023862382206,-1.6662791770256933,0.26657615999583767,1
387,0.0460489575163649,0.25301736171241385,-0.3711413712511838,-0.5887010060983338,0.26657615999583767,1
388,-1.177903833288049,-0.32115906338789274,0.022472186991686367,0.58466189113368,-1.0826572247526052,0
389,1.00303264141802,0.09815376722541522,0.48765184673326023,0.7043927990144976,0.9090682479712867,2
390,0.0024158482900153377,-0.30918750297533687,-0.5142735742485912,0.7043927990144976,-1.0826572247526052,3
391,-0.12335991827555093,0.5622464162199903,0.022472186991686367,-1.6662791770256933,0.39507457759092746,1
392,0.46611532221826907,-0.05776542766669799,0.058255237741038204,0.7043927990144976,-1.0826572247526052,3
393,0.7176283009948768,0.06553183281293384,0.8454823542267785,0.7043927990144976,1.0375666655663764,2
394,0.17820494875100848,-0.03593207073419086,-1.0868023862382206,-0.7323780955553151,-0.31166671918206645,1
395,0.294405689269841,0.04191076321086157,-1.0868023862382206,-1.6662791770256933,-0.31166671918206645,1
396,0.27468982597348157,0.016781148606657074,-1.0868023862382206,0.7043927990144976,0.716320621578652,3
397,0.5903364104878591,0.02496625737858731,0.058255237741038204,0.7043927990144976,0.716320621578652,2
398,-0.42421830280568157,-0.16403527298521003,-1.0868023862382206,0.29730771221971736,0.652071412781107,3
399,0.029849876558423697,0.714078669904065,-0.9078871324914614,-1.6662791770256933,-1.0826572247526052,1
400,0.2437369313474914,-0.011447609023035127,0.8454823542267785,0.7043927990144976,0.00957932480565807,2
401,-1.5134767670343003,-0.2382445198249145,-1.0868023862382206,0.7043927990144976,-1.0826572247526052,0
402,-1.2999189872730668,-0.20776655208463576,-1.0868023862382206,0.7043927990144976,-1.0826572247526052,0
403,0.94189377121821,-0.263640087267519,0.5234348974826121,-1.6662791770256933,-0.05466988399188683,1
404,0.8978542782549768,-0.5026016072962944,-0.4784905234992393,-1.6662791770256933,-1.0826572247526052,1
405,-0.3730827245907062,0.08840296354022353,0.09403828849039003,0.7043927990144976,-1.0826572247526052,3
406,0.07981006796518106,0.045732365137253345,-0.29957526975248017,-0.995786092893114,-1.0826572247526052,3
407,0.15711884285464298,0.12375963284110503,0.48765184673326023,-1.5465482691448755,0.3308253687933826,1
408,-1.1260805287491162,-0.18302988031695075,-1.0868023862382206,0.7043927990144976,-1.0826572247526052,0
409,-0.516976953763804,-0.04811974675908131,-0.764754929494054,0.7043927990144976,-1.0826572247526052,3
410,0.49055148891997236,-0.17188089421169925,-0.4784905234992393,-1.6662791770256933,-0.31166671918206645,1
411,0.08464499242451766,0.025482948571934186,0.6307840497306676,-0.25345446403204414,-0.31166671918206645,3
412,0.2737738995511202,0.017650824850802906,-1.0868023862382206,-1.6662791770256933,-0.31166671918206645,1
413,-1.565503263441675,-0.49163683215127646,0.058255237741038204,0.7043927990144976,-1.0826572247526052,0
414,0.1754873877617951,-0.29569884790837925,0.3803026944852047,0.7043927990144976,0.9733174567688315,2
415,0.11069210593961205,0.1972829446631421,-0.5858396757472948,-1.6662791770256933,-0.31166671918206645,1
416,0.15865059693982078,-0.08635069220691742,-0.12066001600572097,-0.9000013665884599,-0.31166671918206645,1
417,-0.4245715440538961,-0.1940270709743725,-0.29957526975248017,0.7043927990144976,-1.0826572247526052,3
418,0.039792731987516414,0.05035582141978422,1.6684925214618709,0.7043927990144976,0.9090682479712867,2
419,-0.23095261763951727,0.14469588618017676,-1.0510193354888686,-0.6844857324029879,0.26657615999583767,1
420,0.17068997564740165,-0.049066010592941876,-1.0868023862382206,-1.1394631823500954,-1.0826572247526052,1
421,-0.6293670652421638,0.7441036517980504,0.022472186991686367,-1.6662791770256933,-0.7614111807648807,1
422,0.6392754325044979,0.025080623309234402,0.7381332019787231,0.7043927990144976,0.3308253687933826,2
423,0.530568824897637,0.015181469645771354,0.022472186991686367,-0.20556210087971707,0.5878222039835622,1
424,0.5138560332158912,0.06868898496264547,-1.0868023862382206,0.7043927990144976,0.9090682479712867,3
425,0.5642736668290383,-0.11582186267942775,0.773916252728075,0.7043927990144976,-0.31166671918206645,2
426,0.3716904979389228,0.041282997922778245,-1.0868023862382206,0.7043927990144976,-0.24741751038452153,3
427,-1.4669114428448962,24.846242140069236,-1.0510193354888686,-1.6662791770256933,-1.0826572247526052,1
428,0.09718245171217678,-0.029687991780250455,0.6307840497306676,0.7043927990144976,1.230314291959011,2
429,0.35763274667148515,0.04079993709077574,-1.0868023862382206,-1.6662791770256933,2.0655540063270945,1
430,0.2041384832216917,0.006538926545938619,-1.0868023862382206,0.7043927990144976,-1.0826572247526052,3
431,-5.749208204517676,-0.8419529745286639,-1.0868023862382206,0.7043927990144976,-1.0826572247526052,0
432,0.13152291948844796,-0.0006382094627087226,-0.6574057772459985,-0.5887010060983338,0.3308253687933826,1
433,-0.12140927633850829,0.09499742982202056,-0.9078871324914614,-0.03793882984657226,-1.0826572247526052,3
434,0.15971448872279112,0.045951297772209306,1.3464450647177042,-1.6662791770256933,2.00130479752955,1
435,-1.3630522638123526,-0.21680488283894528,-1.0868023862382206,0.7043927990144976,-1.0826572247526052,0
436,0.4412936119713169,-0.006726467673132551,1.84740777520863,0.7043927990144976,1.2945635007565561,2
437,-0.18516046455977425,-0.10236543795237761,1.2390959124696488,0.7043927990144976,0.3308253687933826,2
438,-1.4090361466551387,-0.34870274557240794,-1.0868023862382206,0.7043927990144976,0.9090682479712867,3
439,-3.2441431873017557,-0.7839814879123532,-1.0868023862382206,0.7043927990144976,0.5235729951860173,0
440,-0.12254194075387446,0.2490582902212824,-1.0510193354888686,-0.5408086429460067,-0.31166671918206645,3
441,-0.5247607653395031,-0.1106283967955105,0.8812654049761304,0.7043927990144976,-1.0826572247526052,3
442,-1.1657216992677677,-0.3122025114939501,0.308736592986501,0.7043927990144976,-1.0826572247526052,0
443,0.3667649186459735,-0.06474805578913632,0.34451964373585287,0.7043927990144976,0.26657615999583767,2
444,-0.15177864559871646,0.05054810324847589,2.062106079704741,0.7043927990144976,-1.0826572247526052,2
445,0.2431263137325838,0.0003058171729540016,-1.0868023862382206,-1.6662791770256933,0.5878222039835622,1
446,0.06344218145499575,-0.013433975507407851,-1.0868023862382206,0.7043927990144976,-1.0826572247526052,3
447,-1.3354244217617384,-0.21286715400099854,-1.0868023862382206,0.7043927990144976,-1.0826572247526052,0
448,0.04696800996747157,-0.06326268592681823,-1.0868023862382206,-1.6662791770256933,1.4873111271491908,1
449,1.122053059865078,-0.7973100611301943,0.773916252728075,-1.6662791770256933,0.5878222039835622,1
450,-3.404386546812567,-0.5077512716062297,-1.0868023862382206,0.7043927990144976,-1.0826572247526052,0
451,0.5074664304605783,-0.20832037391167585,-0.19222611750442464,-1.0915708191977682,-1.0826572247526052,1
452,0.008436579653387614,-0.19757309388455757,-0.4427074727498875,0.7043927990144976,-1.0826572247526052,3
453,0.3686655441230921,-0.03534689529530898,-0.013310863757665468,0.7043927990144976,-0.31166671918206645,3
454,0.30301477243428926,0.02219707083389337,-1.0868023862382206,0.08179207803424546,-1.0826572247526052,3
455,0.08098545477339905,-0.10222816282517544,0.16560438998909371,0.7043927990144976,-1.0826572247526052,3
456,0.28304778482872706,0.039367880580939034,0.308736592986501,-0.3252930087605348,0.5235729951860173,2
457,-0.5867686715304955,0.9939413188257017,-0.4784905234992393,-1.6662791770256933,-0.24741751038452153,1
458,0.6719736931799253,0.011042669692830558,-0.40692442200053563,0.7043927990144976,0.3308253687933826,3
459,0.41168490970578886,0.006119927618032163,2.3841535364489075,0.7043927990144976,-1.0826572247526052,2
460,-0.09833397415057518,-0.12801311007126814,0.7023501512293713,0.7043927990144976,0.26657615999583767,2
461,-0.38912133607305743,0.11204297669388932,-0.335358320501832,-0.6844857324029879,0.26657615999583767,3
462,0.1997849671891252,-0.025689611100177753,0.5950009989813158,0.7043927990144976,0.9090682479712867,2
463,0.38873256464850264,-0.20700007357201014,-0.4784905234992393,-1.259194090230913,0.39507457759092746,1
464,0.42125993575252246,0.04651079024117415,-1.0868023862382206,0.7043927990144976,1.4873111271491908,1
465,1.0228954280654068,-0.2886341402522049,0.12982133923974187,-1.6662791770256933,-1.0826572247526052,1
466,-0.18859492814123408,0.29996013957763146,-0.1564430667550728,-1.2831402718070766,0.5235729951860173,1
467,3.7053094340862054,-1.6538665331535893,-0.049093914507017306,-1.6662791770256933,-1.0826572247526052,1
468,0.204082214704277,0.03632846485127895,1.7400586229605746,-1.6662791770256933,-1.0826572247526052,3
469,0.5548038837500617,0.07361210843218086,-1.0868023862382206,0.7043927990144976,1.4873111271491908,1
470,0.5329216825332366,0.08889304963804129,0.022472186991686367,0.7043927990144976,1.0375666655663764,2
471,0.04524869415757812,-0.13654225844328371,0.41608574523455655,0.7043927990144976,0.3308253687933826,2
472,-0.7351456259242971,0.4841940886499631,0.12982133923974187,-1.6662791770256933,-1.0826572247526052,3
473,0.5633910847132931,-0.04505134882177778,0.3803026944852047,0.7043927990144976,-1.0826572247526052,3
474,0.6010159666912515,-0.15601681098330142,0.27295354223714924,-1.6662791770256933,-0.31166671918206645,1
475,-2.2965719759520806,-0.34985716700033365,-1.0868023862382206,0.7043927990144976,-1.0826572247526052,0
476,-1.445875353408454,0.6025531442575958,0.34451964373585287,-1.043678456045441,0.5878222039835622,3
477,0.12331813604172016,-0.06705344065086769,0.4518687959839084,0.7043927990144976,1.4873111271491908,2
478,-0.4072752270063683,-0.12429037382533697,1.7042755722112226,0.7043927990144976,-1.0826572247526052,2
479,-0.3416067411546758,-0.12583694356077313,1.632709470712519,0.7043927990144976,-1.0826572247526052,2
480,-0.829623592692313,-0.25407447055563154,1.2390959124696488,0.7043927990144976,-1.0826572247526052,3
481,0.7548572193317689,0.0028642667935086987,1.0243976079735377,0.7043927990144976,-1.0826572247526052,2
482,-0.3759378308447111,-0.14458365339644114,0.34451964373585287,0.7043927990144976,0.26657615999583767,2
483,0.7120962721253471,0.031540252186642526,0.20138744073844556,0.7043927990144976,-1.0826572247526052,3
484,0.609978291103914,0.09372267591243237,-1.0868023862382206,0.7043927990144976,0.4593237863884724,3
485,0.318848108029035,0.0053317447615091815,1.0601806587228897,-1.6662791770256933,0.652071412781107,1
486,-1.0209896943909404,-0.1680515404126632,-1.0868023862382206,0.7043927990144976,-1.0826572247526052,0
487,0.8978542782549768,-0.2927787162762385,-0.08487696525636913,-1.6662791770256933,-1.0826572247526052,1
488,-1.3555591729099628,-0.3797482594767411,-1.0868023862382206,0.7043927990144976,0.00957932480565807,3
489,0.9896011379092163,-0.12053111077664654,0.41608574523455655,0.7043927990144976,0.4593237863884724,2
490,-0.865400991681822,-0.14587586268893796,-1.0868023862382206,0.7043927990144976,-1.0826572247526052,0
491,-1.0847356725642978,0.09479457768506615,2.885116246939833,0.7043927990144976,2.322550841517274,2
492,-3.0756491959226193,0.12020262532492364,-1.0510193354888686,0.7043927990144976,-0.31166671918206645,0
493,0.2744491217600965,0.018444786469859375,-1.0868023862382206,-1.6662791770256933,-0.31166671918206645,1
494,0.6854385409953451,0.012300569084527311,1.4180111662164079,0.7043927990144976,1.9370555887320051,2
495,0.6583066955056452,0.07129447183980307,-1.0868023862382206,0.7043927990144976,-1.0826572247526052,3
496,-0.2192091696531544,-0.010087790050709745,0.8812654049761304,0.7043927990144976,0.00957932480565807,2
497,0.9349539874037313,-0.08820809098485495,1.167529810970945,0.7043927990144976,1.423061918351646,2
498,1.0208572573234969,0.08717232884214562,3.60077726192687,0.7043927990144976,-1.0826572247526052,2
499,0.022447440489646284,-0.019332994495234724,-1.0868023862382206,0.7043927990144976,-1.0826572247526052,3
500,-0.35226024711852444,-0.11045878555258862,-1.0868023862382206,0.7043927990144976,1.4873111271491908,3
501,0.2794987001932744,-0.00026729109752269013,0.058255237741038204,0.7043927990144976,-0.31166671918206645,3
502,-0.36432984410397606,-0.16444958560679357,0.8096993034774267,0.7043927990144976,0.4593237863884724,2
503,0.1533196759195694,0.10049267639732196,0.8096993034774267,0.5607157095575164,-0.632912763169791,3
504,0.12159256817433628,-0.005202081638896384,-1.0868023862382206,0.7043927990144976,-1.0826572247526052,3
505,1.276635181318222,-0.0735850765674027,1.3106620139683525,-1.6662791770256933,2.2583016327197294,1
506,0.24478623499631724,0.00652874583718692,-1.0868023862382206,-0.421077735065189,0.716320621578652,1
507,0.24368899890673074,0.02461683558123166,0.8812654049761304,-1.6662791770256933,-1.0826572247526052,1
508,-0.16694613707072167,-0.16280915027556056,0.773916252728075,0.7043927990144976,1.230314291959011,2
509,1.4965044131161374,0.2779953843008738,-1.0868023862382206,0.7043927990144976,1.0375666655663764,1
510,1.0347368249524547,-0.12516244099567833,1.632709470712519,-1.6662791770256933,-1.0826572247526052,1
511,0.07387478138751263,-0.09156679292673847,2.276804384200852,0.7043927990144976,1.4873111271491908,2
512,-0.06613796209355294,-0.08062295420664752,0.7023501512293713,0.7043927990144976,0.39507457759092746,2
513,-0.29754223996148005,-0.20790367308793592,0.7381332019787231,0.7043927990144976,-1.0826572247526052,3
514,0.6172973664061514,-0.027458637413148954,0.6665671004800194,0.7043927990144976,0.5235729951860173,2
515,0.37888557410093127,0.0701900962306462,-0.08487696525636913,0.7043927990144976,0.5878222039835622,2
516,0.15759504123350432,-0.005911224871500671,-1.0868023862382206,0.7043927990144976,1.9370555887320051,2
517,-0.17493835056277157,-0.019194708391129925,0.48765184673326023,0.7043927990144976,1.0375666655663764,2
518,0.5613935523450715,-0.01396630146314096,0.5950009989813158,0.7043927990144976,1.4873111271491908,2
519,0.3393235963104929,-0.011962667431181531,1.0601806587228897,0.7043927990144976,-1.0826572247526052,2
520,1.0385380759066916,0.2625699397474711,-1.0868023862382206,-1.6662791770256933,1.7443079623393705,1
521,0.74136319524806,0.05551698460453482,1.4180111662164079,0.7043927990144976,1.230314291959011,2
522,0.32783856670040495,-0.0003282727747775449,0.20138744073844556,0.5128233464051892,-1.0826572247526052,3
523,0.44634319040449477,-0.06043467025513137,-0.049093914507017306,0.7043927990144976,0.13807774240074788,2
524,0.2862488382638741,0.006378471564677912,0.23717049148779737,0.7043927990144976,0.9090682479712867,2
525,-0.13404781055559753,-0.08801022899837822,-1.0868023862382206,0.7043927990144976,-0.3759159279796113,3
526,0.44302959993451835,-0.019535801119518817,0.058255237741038204,-1.6662791770256933,-1.0826572247526052,1
527,0.2813972416512295,0.019893444280409917,0.6307840497306676,0.7043927990144976,0.9090682479712867,2
528,0.5008986440667853,0.11697321794582488,-1.0868023862382206,-1.6662791770256933,0.9733174567688315,1
529,0.5963321336212691,-0.3873774760879748,1.0243976079735377,0.7043927990144976,0.5878222039835622,2
530,1.2668663414892822,-0.8759117141589822,-0.40692442200053563,-1.6662791770256933,-0.31166671918206645,1
531,0.2578874214677051,0.018149137098198705,0.058255237741038204,-0.3492391903366983,0.4593237863884724,1
532,-0.10318973880154687,-0.08843281693437613,2.419936587198259,0.7043927990144976,0.9090682479712867,2
533,-0.04820393518199204,0.04474977748506349,0.48765184673326023,0.7043927990144976,-1.0826572247526052,3
534,-4.28522017047967,-0.6332943362796393,-1.0868023862382206,0.7043927990144976,-1.0826572247526052,0
535,-1.3547995479248645,-0.33136013355704586,-1.0868023862382206,0.7043927990144976,1.0375666655663764,3
536,-0.7299220318909664,0.04537452102167454,-0.6931888279953503,0.7043927990144976,-1.0826572247526052,3
537,-0.27451591222388955,-0.19043273144801023,1.0959637094722414,0.7043927990144976,-1.0826572247526052,3
538,0.13604107303493143,-0.0031427715360463656,-1.0868023862382206,0.7043927990144976,-1.0826572247526052,3
539,0.09539019523156061,-0.008936641847050923,-1.0868023862382206,0.7043927990144976,-1.0826572247526052,3
540,0.3793253021444313,0.02877678965541163,0.27295354223714924,0.7043927990144976,0.9090682479712867,2
541,-0.5137831943957293,-0.03014533788321973,1.9189738767073337,0.7043927990144976,1.0375666655663764,2
542,0.063838145096062,0.48206083854817877,0.09403828849039003,-1.3549788165355672,0.39507457759092746,1
543,-1.3290702473322047,-0.8201909177606328,-0.6574057772459985,0.7043927990144976,0.652071412781107,3
544,3.0235538250322884,-0.5751154911393588,1.2390959124696488,-1.6662791770256933,-1.0826572247526052,1
545,-0.04758498149043041,0.06872546516772281,-0.19222611750442464,0.7043927990144976,-1.0826572247526052,3
546,-0.9265836262840654,0.029614370583075044,1.2033128617202968,0.7043927990144976,-1.0826572247526052,3
547,0.5585467821677207,0.07947015475739759,-0.08487696525636913,0.7043927990144976,0.26657615999583767,2
548,0.11702231414876506,0.07249675853567206,0.058255237741038204,0.08179207803424546,-0.31166671918206645,3
549,0.26462088738499673,0.015183395307405234,-1.0868023862382206,0.7043927990144976,-1.0826572247526052,3
550,0.7796966437416109,0.22890053509954966,0.6307840497306676,0.7043927990144976,1.230314291959011,2
551,-4.769210696993412,-0.3361051171977842,0.27295354223714924,0.7043927990144976,-1.0826572247526052,0
552,-0.7808481661800093,-0.3214790539798153,-1.0868023862382206,-0.6126471876744973,-1.0826572247526052,3
553,0.6900921557874566,0.3013384336727043,-1.0868023862382206,-0.4929162797936796,-0.24741751038452153,1
554,0.4289541345041909,-0.23933356832241875,0.5950009989813158,0.7043927990144976,0.9090682479712867,2
555,0.7363552971981523,0.12514867488613626,-0.6216227264966466,-0.25345446403204414,0.26657615999583767,1
556,-1.148831765957124,0.2196113089264423,0.34451964373585287,0.7043927990144976,0.9090682479712867,3
557,-0.9346050160444048,0.8572692469101819,-0.29957526975248017,-1.6662791770256933,-1.0826572247526052,3
558,0.5834414330853955,0.07950049844145815,-1.0868023862382206,0.7043927990144976,1.4873111271491908,1
559,0.2941868672576729,0.021039351829635636,-1.0868023862382206,0.7043927990144976,0.8448190391737418,3
560,0.4511041321835269,-0.028012329414469194,0.7023501512293713,0.7043927990144976,-1.0826572247526052,3
561,-1.063797532028541,-0.2569301254484759,-1.0868023862382206,0.7043927990144976,1.423061918351646,3
562,0.2480029185751908,0.011323883699425002,-1.0868023862382206,0.7043927990144976,1.4873111271491908,3
563,0.5112270430411269,0.14656779799631736,-1.0868023862382206,-1.6662791770256933,0.5878222039835622,1
564,0.48527475239797224,0.08451402190614148,-1.0868023862382206,-1.6662791770256933,1.7443079623393705,1
565,0.38749257324621583,-0.03345945189916536,1.811624724459278,0.7043927990144976,2.1940524239221846,2
566,1.1503311158947065,0.318403055817891,-1.0868023862382206,-1.6662791770256933,1.5515603359467356,1
567,0.3488173456098498,0.00707479330224202,1.0601806587228897,0.7043927990144976,0.4593237863884724,2
568,0.9996971687468268,0.14085884261047946,0.5234348974826121,0.7043927990144976,-1.0826572247526052,3
569,-0.7069332164983189,-0.25204774497086957,-1.0868023862382206,0.5128233464051892,-0.31166671918206645,3
570,0.09658433821225024,-0.058761966122631404,-1.0868023862382206,-1.6662791770256933,1.0375666655663764,1
571,0.1358159989652728,-0.14162415297891226,1.167529810970945,0.7043927990144976,1.87280637993446,2
572,0.27332375141180265,0.018709440342878195,-1.0868023862382206,-1.6662791770256933,-0.8256603895624256,1
573,0.41379081107051274,0.030558304192917177,1.0959637094722414,0.7043927990144976,0.5235729951860173,2
574,-0.26011221377530963,-0.18926848745674435,1.3822281154670562,0.7043927990144976,0.5878222039835622,2
575,0.32527209710054583,0.019938706966189677,0.48765184673326023,0.7043927990144976,1.4873111271491908,2
576,-0.410291844745545,0.3638826083702572,0.48765184673326023,-1.6662791770256933,0.39507457759092746,1
577,-0.20238696696532463,-0.14066109464751025,0.8812654049761304,0.7043927990144976,0.8448190391737418,2
578,-0.5689367615579464,-0.1664094820088625,0.4518687959839084,0.7043927990144976,-0.11891909278943173,3
579,-0.03641880681235892,-0.03296549586343857,1.5969264199631672,0.7043927990144976,-1.0826572247526052,2
580,-0.5330728757731515,-0.4691221267262226,-0.2637922190031283,0.7043927990144976,-1.0826572247526052,3
581,4.653165114051699,1.5615797674722378,-1.0868023862382206,-1.6662791770256933,1.4873111271491908,1
582,0.4146014945251171,-0.05600099081098641,0.34451964373585287,-1.6662791770256933,-0.31166671918206645,1
583,-0.7814858760440424,-0.2124677535380858,-1.0868023862382206,0.7043927990144976,0.9090682479712867,3
584,0.22688763641053594,-0.022414242805939778,-1.0868023862382206,-0.7563242771314785,-0.31166671918206645,1
585,0.20451985872861353,0.006617342508314588,-1.0868023862382206,0.7043927990144976,-1.0826572247526052,3
586,0.8987045580736878,0.2617989237083144,-1.0868023862382206,-1.6662791770256933,1.230314291959011,1
587,0.08464916046284478,-0.07232210708648237,1.2033128617202968,0.7043927990144976,0.5235729951860173,2
588,0.27552239162930275,-0.08893200325593854,0.20138744073844556,0.7043927990144976,0.4593237863884724,2
589,-0.39627785788054104,0.13413403132790405,1.84740777520863,-1.6662791770256933,-1.0826572247526052,3
590,-1.6216540337736298,-0.002158617792335132,0.8812654049761304,0.7043927990144976,0.3308253687933826,3
591,0.39183462717338297,0.27995349751947185,0.27295354223714924,-1.6662791770256933,0.9090682479712867,1
592,0.45428747145578413,0.054781189035619085,0.058255237741038204,0.7043927990144976,1.358812709554101,2
593,-0.6096699581182758,-0.16675649109686327,-1.0868023862382206,0.7043927990144976,1.2945635007565561,3
594,0.2888538622182581,-0.1503545021107631,0.7381332019787231,0.7043927990144976,1.5515603359467356,2
595,0.13834808224893388,-0.0028139591483562804,-1.0868023862382206,0.7043927990144976,-1.0826572247526052,3
596,-0.21464725170423724,-0.12605679369814582,0.09403828849039003,0.7043927990144976,0.4593237863884724,2
597,0.5760577531890897,-0.0319769380292389,2.0978891304540928,0.7043927990144976,-1.0826572247526052,2
598,0.5950358737015677,-0.1529663810369005,-0.29957526975248017,-1.6662791770256933,0.5878222039835622,1
599,-0.4306891823083714,0.1027817796644649,-0.013310863757665468,0.7043927990144976,-0.31166671918206645,3
600,-0.19098217209303164,-0.22209311989582586,-0.1564430667550728,0.7043927990144976,-1.0826572247526052,3
601,-0.08643214070778577,-0.007465845598194837,-0.9078871324914614,0.7043927990144976,-1.0826572247526052,3
602,0.27047489721528833,0.10554656269529401,1.9189738767073337,0.7043927990144976,2.322550841517274,2
603,-0.7290029794398598,-0.19006354578176368,0.23717049148779737,0.7043927990144976,-1.0826572247526052,3
604,-0.16408686277838974,-0.3660998856723024,-0.5142735742485912,0.7043927990144976,0.26657615999583767,3
605,0.5854764777985604,0.08320746048757628,-1.0868023862382206,0.7043927990144976,1.0375666655663764,1
606,0.3391829250169562,0.025810540390309156,-1.0868023862382206,0.7043927990144976,-1.0826572247526052,3
607,0.5753814889705315,0.007176848320671162,0.022472186991686367,0.7043927990144976,0.9733174567688315,2
608,-0.23821959246266683,0.19957610261288275,0.34451964373585287,-1.6662791770256933,-1.0826572247526052,1
609,-0.4671532656122563,-0.42461313210546237,-1.0868023862382206,-0.25345446403204414,-0.31166671918206645,3
610,0.26642147994226695,0.015440029366090133,-1.0868023862382206,0.7043927990144976,-1.0826572247526052,3
611,0.1681954047086835,-0.00203887193956196,0.34451964373585287,0.7043927990144976,0.26657615999583767,2
612,-1.4131812607713543,-0.22394964631997183,-1.0868023862382206,0.7043927990144976,-1.0826572247526052,0
613,0.1441312354276663,-0.0021361029819409946,-1.0868023862382206,0.6804466174383341,-1.0826572247526052,3
614,-0.24651607275258894,-0.20327398608357058,0.27295354223714924,0.7043927990144976,-1.0826572247526052,3
615,-0.5013103397021387,0.03689441155455393,1.0601806587228897,0.7043927990144976,0.9090682479712867,2
616,-0.40297381145288946,0.3088406595376451,-0.049093914507017306,-1.6662791770256933,0.26657615999583767,1
617,-0.4218644031605003,-0.02036780673282176,0.34451964373585287,-0.7084319139791515,-1.0826572247526052,3
618,-0.5054544118087728,0.24580198703939735,-0.2637922190031283,0.7043927990144976,-1.0826572247526052,3
619,-0.2713429930474497,-0.061142068798837684,-1.0868023862382206,0.7043927990144976,-1.0826572247526052,3
620,0.023135166813603666,0.3132382055141851,-0.6216227264966466,-1.3789249981117306,-0.31166671918206645,1
621,-0.33813059718994587,-0.05525176779933024,-0.5142735742485912,0.27336153064355384,-1.0826572247526052,3
622,-0.6409583798295909,-0.21183531065215205,-1.0868023862382206,0.7043927990144976,-0.18316830158697664,3
623,-0.4053652234430141,-0.12417244473491153,0.6307840497306676,0.7043927990144976,-1.0826572247526052,3
624,0.16750142632723566,0.0013411957670874583,-1.0868023862382206,0.7043927990144976,-1.0826572247526052,3
625,0.2149295344503318,0.03749888512768485,0.7023501512293713,0.7043927990144976,0.9090682479712867,2
626,0.20613914161865857,0.08609543201101576,0.4518687959839084,0.7043927990144976,0.652071412781107,2
627,-0.16274475443709122,-0.04572798564907443,-1.0868023862382206,0.7043927990144976,-1.0826572247526052,3
628,0.5548914125549291,-0.04276571506694453,1.0601806587228897,0.7043927990144976,-1.0826572247526052,2
629,0.15369063133067368,-0.03774151534609348,-1.0868023862382206,-1.6662791770256933,0.9090682479712867,1
630,0.12078188471973197,-0.15363528900851095,-0.5142735742485912,0.7043927990144976,0.5878222039835622,3
631,0.00689232145322875,-0.17446302996726312,0.41608574523455655,0.7043927990144976,1.4873111271491908,2
632,0.5497022048377962,0.11234982207629658,0.6665671004800194,0.7043927990144976,-1.0826572247526052,3
633,0.5444661066894846,0.07720704813281357,-1.0868023862382206,0.7043927990144976,0.652071412781107,3
634,0.1328181373985676,-0.011753045501624001,-1.0868023862382206,0.7043927990144976,1.4873111271491908,3
635,0.13699763783098126,-0.1033015087411532,-1.0868023862382206,-1.2831402718070766,-1.0826572247526052,1
636,-0.351779880701336,0.007923212159269005,1.9189738767073337,0.7043927990144976,0.5878222039835622,2
637,1.8969518214127845,-1.1885208090584867,-0.19222611750442464,-1.6662791770256933,-0.24741751038452153,1
638,0.8593103438259118,0.15203135971915757,-1.0868023862382206,-0.20556210087971707,-1.0826572247526052,1
639,-1.333234117620892,-0.5063863883156468,1.0601806587228897,0.7043927990144976,0.26657615999583767,2
640,0.32157921514281107,-0.027733681867785537,0.34451964373585287,0.7043927990144976,0.9090682479712867,2
641,2.1482657763592776,-0.8960073527751403,-0.049093914507017306,-1.6662791770256933,-1.0826572247526052,1
642,-0.3167548126298527,-0.076176407231926,1.7400586229605746,0.7043927990144976,-1.0826572247526052,2
643,0.6540928087570339,0.19842510331513324,0.41608574523455655,-1.0915708191977682,0.4593237863884724,1
644,-0.026046643435583904,-0.09602095420937008,-1.0868023862382206,-0.15766973772738999,-0.31166671918206645,3
645,0.6220447620606206,0.16132933679607012,-1.0868023862382206,-1.6662791770256933,1.1018158743639215,1
646,-0.9125540092753351,-0.2022281002406767,1.5611433692138152,0.7043927990144976,-1.0826572247526052,3
647,2.19618467099538,-0.39878589852692986,0.3803026944852047,-1.6662791770256933,2.9007937206951784,1
648,0.1954981397697909,-0.0010520879195218696,-1.0868023862382206,0.7043927990144976,0.5878222039835622,3
649,1.123359739880597,-0.415244895527054,0.6307840497306676,0.7043927990144976,-1.0826572247526052,2
650,1.2514102133631313,-0.07253226387926598,0.8096993034774267,0.7043927990144976,0.3308253687933826,2
651,-0.23194877879967385,-0.1929122074208553,0.34451964373585287,0.7043927990144976,0.26657615999583767,2
652,-0.6783488096516543,0.1720064455255242,0.6307840497306676,0.7043927990144976,-1.0826572247526052,3
653,-1.0017833737800583,-0.16531411045335753,-1.0868023862382206,0.7043927990144976,-1.0826572247526052,0
654,0.6710202544126207,0.10150199361893293,-1.0868023862382206,0.7043927990144976,1.0375666655663764,1
655,-0.41448384929293947,0.3307968782541934,0.8096993034774267,-1.6662791770256933,1.0375666655663764,1
656,0.370446338498309,0.03060733614562018,1.6684925214618709,0.7043927990144976,-1.0826572247526052,2
657,-0.611029780622464,-0.10492547029349669,0.308736592986501,0.7043927990144976,-1.0826572247526052,3
658,-0.7148264390801021,0.8241192297922149,-0.2637922190031283,-1.6662791770256933,-0.31166671918206645,1
659,0.27264852920282634,0.0163275554857088,0.27295354223714924,-1.6662791770256933,-1.0826572247526052,1
660,0.29405557405037214,0.04149907940838784,-1.0868023862382206,-1.6662791770256933,-0.31166671918206645,1
661,0.15534117450817134,-0.0756298633930348,-1.0868023862382206,-1.6662791770256933,0.07382853360320298,1
662,0.6185269377126205,-0.14843418346145315,-0.049093914507017306,0.7043927990144976,0.5235729951860173,2
663,-0.5291799279757201,-0.2713160668246433,-1.0868023862382206,0.7043927990144976,0.13807774240074788,3
664,-0.3418443193393155,-0.11207923637125788,-1.0868023862382206,0.7043927990144976,1.230314291959011,3
