,marital_status,nbr_children,M ,income,age,Cluster Centroid
0,2,1,1,0.15418459708287924,0.1843123709844537,3
1,2,0,1,-0.726524210283054,1.4930703664729232,3
2,1,0,0,-0.18836584311133026,-0.23449018757185658,1
3,1,0,0,1.1237979056989014,0.603114929540764,2
4,4,2,0,0.9834792960218731,0.8648665286384578,0
5,2,2,0,-0.3174193107140948,0.5507646097212251,0
6,1,0,1,-1.0241492638851,-1.3861972236017097,1
7,2,0,0,-0.9372274276400815,1.9118729250292334,3
8,4,5,0,0.775659955035857,-0.07743922811324022,0
9,2,1,1,-0.59057647573084,0.1843123709844537,3
10,1,0,0,0.1397201546595247,-0.7056430659477055,1
11,1,0,1,-1.0241492638851,-1.4385475434212485,1
12,2,0,1,-0.23009192935440284,0.07961173134537612,3
13,1,0,0,-0.6241465991121458,-0.8626940254063219,1
14,2,2,0,0.02806006641942326,0.4460639700821476,0
15,1,0,1,-1.0241492638851,-1.4385475434212485,1
16,4,1,1,-0.5502923276732732,-0.07743922811324022,0
17,1,0,1,-1.0241492638851,-1.333846903782171,1
18,2,0,1,-0.7378344129256147,1.2313187673752293,3
19,1,0,1,-0.07720142112249641,-1.2814965839626322,1
20,2,1,0,0.17018109882833363,0.3937136502626088,3
21,2,0,1,-0.8818479892030013,1.9642232448487722,3
22,2,0,0,1.9917545722367678,0.8125162088189191,2
23,1,0,0,-0.14573854550231655,0.1843123709844537,1
24,4,2,0,-0.15294823642984529,-0.02508890829370144,0
25,2,0,0,-0.731570993932324,1.6501213259315395,3
26,2,1,0,-0.8812622018151397,-1.072095304684477,1
27,2,1,0,-0.6196856028507374,-0.7579933857672444,1
28,2,1,0,0.3575880023757839,0.7078155691798415,3
29,2,0,1,-0.044036842855864185,1.1266181277361518,3
30,2,0,0,0.07199412050905155,0.9172168484579966,3
31,2,1,1,2.4043741961328973,0.49841428990168635,2
32,2,2,0,1.5261437200233021,-0.600942426308628,0
33,2,1,1,0.6129011823468956,0.1843123709844537,2
34,1,0,0,0.7778679228824127,-0.129789547932779,1
35,2,2,0,0.07280521073839853,-0.5485921064890893,0
36,1,0,1,-1.0241492638851,-1.4385475434212485,1
37,2,1,0,-0.04800217286600499,0.603114929540764,3
38,1,0,1,-0.43169291191542536,0.28901301062353124,1
39,1,0,0,-0.0017249692249298658,-0.9150443452258608,1
40,2,0,0,-0.5724170667071271,-0.3915411470304729,1
41,2,3,0,0.9277393730384165,-0.6532927461281668,0
42,2,1,0,0.08186238496610651,0.49841428990168635,3
43,2,2,0,-0.21143685407942223,-0.33919082721093413,0
44,1,0,0,-0.5625488022500721,0.49841428990168635,3
45,2,0,0,-0.6631690512573951,2.06892388448785,3
46,2,1,1,0.07758163097788633,0.07961173134537612,3
47,4,1,0,-0.6829957013080992,-1.0197449848649383,0
48,3,2,0,-0.25365860657376244,0.23666269080399246,0
49,2,1,0,1.0974374732451244,0.027261411525837338,2
50,1,0,1,-1.0241492638851,-1.5432481830603262,1
51,1,0,1,-1.0241492638851,-1.5432481830603262,1
52,2,2,1,1.6841711330410727,0.7078155691798415,2
53,2,1,1,-0.13091361853258557,0.6554652493603027,3
54,1,0,0,0.07875320575360975,0.1843123709844537,1
55,1,0,0,0.07388666437752785,1.074267807916613,3
56,2,1,1,0.5292237070192651,0.49841428990168635,3
57,1,0,0,-0.7402676836136557,1.807172285390156,3
58,1,0,1,1.3013365447892966,-0.18213986775231777,2
59,2,1,1,-0.6936299954262041,-0.7579933857672444,1
60,2,3,1,0.2854910931004965,-0.3915411470304729,0
61,1,0,0,-1.0241492638851,-1.4385475434212485,1
62,1,0,1,-0.3371558396282047,-0.7056430659477055,1
63,1,0,0,-0.2472149453072836,0.9172168484579966,3
64,2,0,1,5.471647080113407,0.8125162088189191,2
65,1,0,0,0.23236468307826907,-0.4438914668500117,1
66,1,0,0,0.2146558797375266,0.34136333044307005,3
67,2,2,0,-0.7633386945817476,-0.3915411470304729,0
68,1,0,0,-1.0241492638851,-1.4385475434212485,1
69,1,0,0,-0.5315020706934014,-1.2814965839626322,1
70,1,0,0,-0.3156168879822126,-0.07743922811324022,1
71,2,3,0,-0.3034955951103049,-0.6532927461281668,0
72,2,0,0,-0.8243056434876626,1.1789684475556905,3
73,2,0,0,-0.46557845927481045,0.9172168484579966,3
74,2,0,1,-0.612791335901288,1.2313187673752293,3
75,2,1,0,-0.6893041808696868,-0.2868405073913953,1
76,2,0,0,-0.2600572072719442,-0.4438914668500117,1
77,2,0,0,-0.6802019460736818,0.5507646097212251,3
78,1,0,0,-1.0241492638851,-1.4908978632407872,1
79,1,0,1,-0.9348392175203376,-0.7579933857672444,1
80,2,1,0,2.6486925974395277,-0.07743922811324022,2
81,3,1,0,0.11047584583473623,0.7078155691798415,3
82,1,0,0,0.5755910317969344,-0.02508890829370144,1
83,1,0,0,-1.0241492638851,-1.4385475434212485,1
84,2,0,0,0.017110348323238978,1.3883697268338457,3
85,2,2,0,-0.19728783563414706,-0.23449018757185658,0
86,2,0,0,-0.44354384137755076,0.9695671682775354,3
87,2,1,0,0.764935539781158,0.5507646097212251,2
88,1,0,1,1.4569306871190264,-0.6532927461281668,2
89,2,0,0,1.195444209291218,0.34136333044307005,2
90,4,2,0,-0.6748847990146294,-0.07743922811324022,0
91,1,0,0,-1.0241492638851,-1.5432481830603262,1
92,1,0,0,-1.0241492638851,-1.4385475434212485,1
93,1,0,0,0.08136671871483891,-0.129789547932779,1
94,1,0,0,-1.0241492638851,-1.3861972236017097,1
95,1,0,1,0.41373347047391407,0.07961173134537612,1
96,1,0,0,-1.0241492638851,-1.333846903782171,1
97,1,0,0,-0.03277170078160052,0.07961173134537612,1
98,2,0,1,-0.361263243667129,1.5977710061120007,3
99,4,3,1,1.5530448792966438,-0.600942426308628,0
100,2,0,0,0.27661416114597676,1.807172285390156,3
101,2,2,1,-0.3243586382318412,0.7601658889993803,0
102,2,2,0,-0.08441111205002516,-0.33919082721093413,0
103,2,0,0,0.3745307760554765,0.9172168484579966,3
104,2,2,0,-0.6271656571880485,-0.3915411470304729,0
105,3,0,1,0.021526284016350334,1.1266181277361518,3
106,4,1,1,1.5768819199257857,0.7601658889993803,2
107,2,0,1,-0.8441773541066637,2.330675483585544,3
108,4,0,1,3.042476903787488,0.6554652493603027,2
109,1,0,0,-0.6027878897393419,0.1843123709844537,1
110,1,0,0,-0.6619524159133746,-1.072095304684477,1
111,2,0,1,-0.9773313334244602,1.9118729250292334,3
112,2,0,1,-0.6864203044986753,2.3830258034050824,3
113,1,0,0,0.5115149036785226,0.34136333044307005,3
114,2,3,0,-0.3537831893298179,-0.4962417866695505,0
115,4,2,0,-0.8923471016162151,-0.7056430659477055,0
116,4,4,0,2.7760337634470043,0.027261411525837338,0
117,2,0,0,-0.4863513812597527,0.9172168484579966,3
118,4,1,1,2.729170772418067,0.8125162088189191,2
119,2,2,0,0.9540096843555993,-0.33919082721093413,0
120,3,1,1,2.082010890535768,0.49841428990168635,2
121,2,3,1,-0.28416461131086845,-0.5485921064890893,0
122,3,1,0,0.06969603152590176,0.6554652493603027,3
123,4,5,1,0.3581287291953486,0.1843123709844537,0
124,1,0,1,-1.0241492638851,-1.4908978632407872,1
125,1,0,0,-0.44633759661196815,1.2313187673752293,3
126,1,0,0,-0.7377442917890206,-1.2814965839626322,1
127,3,0,0,-0.40181775513447815,0.3937136502626088,3
128,2,3,0,-0.776856865070864,-0.4962417866695505,0
129,1,0,0,-1.0241492638851,-1.3861972236017097,1
130,2,1,1,0.22173038896016417,0.8125162088189191,3
131,2,1,1,-0.4859458361450792,-0.129789547932779,3
132,1,0,0,-0.8993765502705556,-1.2814965839626322,1
133,2,0,0,-0.23293074515711729,0.4460639700821476,3
134,2,0,1,-0.4743202095244391,1.9118729250292334,3
135,1,0,0,-0.20657031270334034,-0.7579933857672444,1
136,1,0,1,0.5438233311475108,1.3883697268338457,3
137,2,3,0,-0.42506900837575834,-0.23449018757185658,0
138,1,0,1,-1.0241492638851,-1.4385475434212485,1
139,1,0,1,1.5311454431042752,-0.129789547932779,2
140,3,0,1,2.53820408397515,0.7601658889993803,2
141,4,0,0,2.3608456871579424,0.8125162088189191,2
142,2,3,0,-0.471796817699804,-0.18213986775231777,0
143,2,1,1,-0.9050091213076875,-1.0197449848649383,1
144,4,1,1,0.27647897944108557,0.8648665286384578,3
145,1,0,0,-1.0241492638851,-1.4385475434212485,1
146,2,0,0,-0.8611201277863563,2.4353761232246214,3
147,4,0,0,-0.8262883084927329,1.2313187673752293,3
148,2,0,1,0.6886029370859474,0.9172168484579966,3
149,2,1,0,0.9714931848548566,-0.4438914668500117,2
150,1,0,0,-0.7624374832158065,-1.2291462641430935,1
151,2,0,0,1.216757858095725,1.0219174880970743,2
152,2,0,0,-0.8976642486752675,0.603114929540764,3
153,2,1,1,3.282965156788869,0.5507646097212251,2
154,2,0,1,-0.3124175876331217,1.074267807916613,3
155,3,0,0,-0.8156990749429252,1.8595226052096947,3
156,4,0,1,-0.5667394351016982,-0.4438914668500117,3
157,2,0,0,-0.8166904074454603,1.1789684475556905,3
158,2,5,1,1.4847330577583089,0.027261411525837338,0
159,2,1,1,0.8187378583278413,-0.18213986775231777,2
160,4,1,0,0.7463255250744745,0.8125162088189191,0
161,2,0,1,2.8845846724746087,0.7601658889993803,2
162,1,0,0,-0.8700871808774701,-0.7579933857672444,1
163,4,3,0,0.2989642030213158,-0.33919082721093413,0
164,2,2,1,0.6284470784093795,-0.33919082721093413,0
165,4,3,1,2.3006447679130777,0.027261411525837338,0
166,2,0,0,-0.5283027703443105,1.545420686292462,3
167,2,1,1,-0.5115852995061033,-0.8626940254063219,1
168,2,0,0,-0.5803477267274086,0.9172168484579966,3
169,1,0,1,-0.13244567785468542,-0.18213986775231777,1
170,2,1,0,-0.06895533712413542,0.3937136502626088,3
171,2,0,0,0.6373690709321963,0.8648665286384578,3
172,2,0,0,-0.5909369602772165,1.1789684475556905,3
173,2,0,1,-0.7978550898972915,2.1736245241269274,3
174,2,0,1,0.3274424821850544,-0.600942426308628,1
175,2,1,0,-0.7490544944315813,-0.8626940254063219,1
176,2,2,0,0.35019806917506696,0.7601658889993803,0
177,2,2,0,2.1044961141159986,0.8125162088189191,2
178,4,0,0,-0.4554398314079732,1.2313187673752293,3
179,2,0,1,0.3377613523250799,1.5977710061120007,3
180,1,0,1,-0.1776864884249283,-0.7579933857672444,1
181,1,0,0,-1.0241492638851,-1.4908978632407872,1
182,1,0,0,0.9797843294215146,0.23666269080399246,2
183,1,0,0,-1.0241492638851,-1.3861972236017097,1
184,2,2,1,1.5718801968448126,0.8125162088189191,2
185,2,0,1,-0.013125293004084694,1.1266181277361518,3
186,2,0,0,-0.34477107567040693,1.6501213259315395,3
187,2,2,0,-0.577328668651506,-0.4962417866695505,0
188,1,0,0,-0.45088871400997066,0.34136333044307005,1
189,2,2,0,0.0013391494192698506,-0.6532927461281668,0
190,1,0,1,0.30869728577347966,0.027261411525837338,1
191,4,3,0,-0.2305425350373734,-0.6532927461281668,0
192,1,0,1,-0.18615787526477456,-1.2291462641430935,1
193,1,0,0,-0.2642027795552732,-1.2291462641430935,1
194,2,4,1,-0.3531523413736591,0.027261411525837338,0
195,1,0,0,-0.5541675365468199,-0.8626940254063219,1
196,1,0,0,-1.0241492638851,-1.4908978632407872,1
197,1,0,0,-0.6737132242389059,-1.2814965839626322,1
198,2,2,0,0.2291653827291782,-0.9673946650453995,0
199,3,3,1,0.8526234056872264,-0.6532927461281668,0
200,3,0,1,-0.1729100681854405,1.3883697268338457,3
201,2,1,0,0.664315290773835,0.6554652493603027,3
202,1,0,1,-1.0241492638851,-1.5432481830603262,1
203,1,0,0,-1.0241492638851,-1.333846903782171,1
204,2,0,1,0.2556609968878463,1.6501213259315395,3
205,3,1,0,0.20613943232938325,0.8648665286384578,3
206,4,1,1,-0.4151556833504063,-1.0197449848649383,0
207,2,0,0,0.2977025071089983,0.3937136502626088,3
208,2,1,0,-0.7564894882005954,-0.7579933857672444,1
209,4,0,0,-0.7449990432848463,1.7024716457510782,3
210,1,0,1,-0.40456644980059847,-1.2291462641430935,1
211,1,0,0,-0.4332700318058223,-1.2291462641430935,1
212,2,0,1,2.7663457412631374,0.7601658889993803,2
213,1,0,1,0.8264432155066376,0.7601658889993803,3
214,1,0,0,-0.8709433316751142,-1.2814965839626322,1
215,4,4,1,-0.15529138598129213,-0.129789547932779,0
216,1,0,1,-0.7640596636745005,-1.2814965839626322,1
217,2,4,1,1.203419929879797,0.07961173134537612,0
218,4,0,1,-0.6120253062402381,1.9642232448487722,3
219,3,3,0,-0.13920476309924362,-0.33919082721093413,0
220,1,0,0,0.45108868159217236,0.8648665286384578,3
221,4,2,1,0.54643684410874,-0.129789547932779,0
222,4,2,1,-0.4615680686963726,-0.9673946650453995,0
223,2,3,1,-0.4652630352967311,-0.600942426308628,0
224,1,0,1,-1.0241492638851,-1.3861972236017097,1
225,2,5,1,0.4426172947523261,0.23666269080399246,0
226,1,0,1,-0.8781530226026428,1.1266181277361518,3
227,2,0,1,-0.9018098209585966,0.9695671682775354,3
228,3,2,0,1.0319194069412068,0.07961173134537612,0
229,2,0,0,-0.7472971322679962,-1.072095304684477,1
230,1,0,0,-1.0241492638851,-1.3861972236017097,1
231,1,0,0,-0.8736920263412344,-1.1767959443235547,1
232,1,0,1,-1.0241492638851,-1.4385475434212485,1
233,1,0,1,-0.4786460240809563,-1.2291462641430935,1
234,1,0,0,-1.0241492638851,-1.333846903782171,1
235,1,0,1,-1.0241492638851,-1.4385475434212485,1
236,2,2,0,1.764424005178127,0.49841428990168635,2
237,2,2,1,0.3751616240116353,0.6554652493603027,0
238,1,0,0,0.05608773990019125,0.1319620511649149,1
239,2,1,0,0.05022986602157415,0.8648665286384578,3
240,2,2,0,-0.8641391858622589,-0.8103437055867831,0
241,1,0,1,-0.45061835060018834,-0.3915411470304729,1
242,1,0,0,-0.8210162220019775,1.3883697268338457,3
243,1,0,0,-0.17881300263235467,0.28901301062353124,1
244,1,0,1,0.6087105494952695,-0.07743922811324022,1
245,4,1,0,1.2118913167196432,0.6554652493603027,2
246,3,2,1,4.797495917821173,0.6554652493603027,2
247,1,0,0,0.7648904792128609,-0.23449018757185658,1
248,2,1,1,-0.15448029575194513,0.7601658889993803,3
249,2,0,0,0.20411170675601578,1.3883697268338457,3
250,2,2,1,0.13305119055156062,0.7078155691798415,0
251,2,0,1,0.17437173167995973,0.7601658889993803,3
252,4,2,1,-0.4918938311602904,-0.5485921064890893,0
253,2,0,1,0.33073190367073935,1.3883697268338457,3
254,2,2,1,-0.2506846090661568,-0.23449018757185658,0
255,2,0,1,-0.4523306521954764,0.6554652493603027,3
256,2,1,0,0.5758613952067166,0.7078155691798415,3
257,2,0,0,-0.6464966409874849,0.07961173134537612,3
258,4,0,1,-0.23180423094969094,1.1266181277361518,3
259,2,0,1,-0.5321329186495602,1.5977710061120007,3
260,2,2,1,-0.43957851136740994,0.3937136502626088,0
261,2,0,1,-0.6651066556941685,1.3360194070143068,3
262,4,2,0,0.2401601613936595,-0.5485921064890893,0
263,2,2,0,0.2934668136890752,0.8125162088189191,0
264,1,0,0,-1.0241492638851,-1.4385475434212485,1
265,1,0,0,-1.0241492638851,-1.5432481830603262,1
266,2,0,0,-0.13708691638928205,1.1266181277361518,3
267,1,0,0,-1.0241492638851,-1.4385475434212485,1
268,3,3,1,0.9276492519018223,-0.4962417866695505,0
269,3,2,0,-0.1235236853318686,0.1319620511649149,0
270,3,5,0,0.789628731207944,-0.129789547932779,0
271,1,0,0,-1.0241492638851,-1.3861972236017097,1
272,1,0,0,-0.776090835409814,-1.2814965839626322,1
273,1,0,1,-1.0241492638851,-1.4385475434212485,1
274,2,0,1,-0.19282683937273865,-0.18213986775231777,1
275,2,2,0,0.18180672544897375,-0.600942426308628,0
276,1,0,1,-0.0021755749079004124,1.1266181277361518,3
277,2,1,1,-0.08508702057448098,-0.02508890829370144,3
278,2,0,0,-0.5461467553899442,1.074267807916613,3
279,2,1,1,0.19947046822141917,-1.072095304684477,1
280,1,0,0,-1.0241492638851,-1.333846903782171,1
281,2,0,1,-0.3346775083718667,1.3883697268338457,3
282,2,0,0,-0.6015261938270243,1.3883697268338457,3
283,2,2,1,0.16382755869844892,-0.07743922811324022,0
284,2,3,0,-0.217024364548257,-0.5485921064890893,0
285,1,0,1,-1.0241492638851,-1.4908978632407872,1
286,3,0,0,-0.0828790527279253,-1.0197449848649383,1
287,2,2,0,-0.211256611806234,-0.8103437055867831,0
288,2,4,0,1.6903894914660664,-0.07743922811324022,0
289,1,0,0,-1.0241492638851,-1.4385475434212485,1
290,1,0,0,-1.0241492638851,-1.5432481830603262,1
291,2,2,0,0.6097018819978047,0.1319620511649149,0
292,4,2,1,1.5165458189760295,-0.3915411470304729,0
293,1,0,0,-0.10680621449366132,-0.02508890829370144,1
294,2,1,1,2.417396700370746,0.7078155691798415,2
295,1,0,0,-1.0241492638851,-1.333846903782171,1
296,1,0,1,-0.9107318134814134,2.1212742043073884,3
297,2,2,0,-0.19548541290226487,-0.23449018757185658,0
298,1,0,1,-0.6546075432809547,-1.2814965839626322,1
299,1,0,1,-0.49581410060213416,-0.6532927461281668,1
300,1,0,0,0.3396088356252591,-0.4438914668500117,1
301,1,0,0,-0.46945366814835715,-0.129789547932779,1
302,2,0,1,-0.018307258358245978,0.3937136502626088,3
303,1,0,0,-0.8303888202077649,-0.9673946650453995,1
304,1,0,0,-0.3222858520901767,0.1843123709844537,1
305,2,1,0,-0.22432417661237986,0.7078155691798415,3
306,2,3,0,-0.20481295053975518,-0.4962417866695505,0
307,4,2,0,-0.13014758887153563,0.3937136502626088,0
308,2,2,0,0.3203679729624168,-0.33919082721093413,0
309,2,0,1,0.2046073730072834,1.3360194070143068,3
310,2,1,0,2.478273528140067,0.7601658889993803,2
311,1,0,1,-1.0241492638851,-1.333846903782171,1
312,1,0,1,-0.6501014864512493,2.06892388448785,3
313,2,2,0,-0.5366840360475628,-0.7579933857672444,0
314,1,0,0,0.01607395525240672,-0.8103437055867831,1
315,2,2,1,-0.46319024915506657,-0.5485921064890893,0
316,1,0,0,-0.4871174109208026,-1.2291462641430935,1
317,1,0,0,0.8628070941223607,-0.2868405073913953,1
318,3,2,1,0.8085091093244099,-0.6532927461281668,0
319,2,2,1,-0.5969750764290218,-0.02508890829370144,0
320,1,0,0,0.7444780417742952,0.7601658889993803,3
321,2,1,1,0.5636499811982149,0.6554652493603027,3
322,4,2,1,0.300766625753198,-0.33919082721093413,0
323,1,0,1,-1.0241492638851,-1.3861972236017097,1
324,3,1,0,0.6396220993470491,0.5507646097212251,3
325,2,0,0,0.46330009560067414,0.6554652493603027,3
326,1,0,0,-1.0241492638851,-1.3861972236017097,1
327,2,1,1,2.698394404271179,0.7078155691798415,2
328,1,0,1,-1.0241492638851,-1.4908978632407872,1
329,1,0,0,0.1896022037643642,1.1266181277361518,3
330,2,0,1,0.38611134210781956,-0.129789547932779,3
331,2,5,1,1.1603420265878126,0.1843123709844537,0
332,2,0,1,-0.88477692614231,2.06892388448785,3
333,2,2,1,-0.08936777456270117,0.1843123709844537,0
334,1,0,1,0.4655531240155269,-0.07743922811324022,1
335,2,0,0,1.0244844131721929,0.7601658889993803,3
336,1,0,0,-0.255776453283724,-0.07743922811324022,1
337,2,0,1,-0.4819354455666413,2.225974843946466,3
338,2,2,0,-0.09761385856106217,0.3937136502626088,0
339,2,0,0,3.5349438547059986,0.3937136502626088,2
340,1,0,1,-0.6141431529501997,-0.7579933857672444,1
341,2,2,1,-0.27709010208823087,-0.3915411470304729,0
342,4,0,0,-0.35815406445463216,2.3830258034050824,3
343,1,0,0,-1.0241492638851,-1.4385475434212485,1
344,1,0,1,-1.0241492638851,-1.5432481830603262,1
345,2,0,0,0.5256639221237978,0.603114929540764,3
346,2,2,0,-0.4581885260740935,-0.600942426308628,0
347,1,0,1,-0.45643116391050836,-0.2868405073913953,1
348,1,0,1,0.6514730288091743,-0.33919082721093413,1
349,2,1,0,0.9926716519544723,0.5507646097212251,2
350,1,0,0,-1.0241492638851,-1.333846903782171,1
351,2,3,1,0.8350948446196721,-0.4438914668500117,0
352,2,2,1,1.0884704201540105,-0.33919082721093413,0
353,2,0,0,-0.7049852586370619,1.807172285390156,3
354,1,0,1,-1.0241492638851,-1.3861972236017097,1
355,1,0,0,-0.4225005559828262,0.28901301062353124,1
356,1,0,0,0.012018504105671804,-1.1244456245040158,1
357,4,0,1,-0.7782988032563698,1.074267807916613,3
358,2,0,0,-0.6329784704983685,1.3360194070143068,3
359,1,0,1,-1.0241492638851,-1.5432481830603262,1
360,1,0,0,0.002465663626696217,-0.9150443452258608,1
361,2,0,1,-0.5914776870967812,1.9118729250292334,3
362,1,0,1,-0.0921164692288215,0.07961173134537612,1
363,2,1,0,0.12156074563581167,0.1843123709844537,3
364,1,0,0,-0.7259384228951923,-0.18213986775231777,1
365,2,0,0,-0.4327743655545547,1.2313187673752293,3
366,1,0,0,-1.0241492638851,-1.333846903782171,1
367,2,1,0,-0.6377548907378563,0.49841428990168635,3
368,1,0,0,-1.0241492638851,-1.4385475434212485,1
369,2,2,0,0.17369582315550391,-1.0197449848649383,0
370,2,0,0,0.3580386080587545,1.1266181277361518,3
371,2,0,0,-0.6619524159133746,1.9642232448487722,3
372,1,0,1,-1.0241492638851,-1.4385475434212485,1
373,3,2,1,0.28801448492513154,-0.33919082721093413,0
374,1,0,0,1.5840465502850174,-0.18213986775231777,2
375,2,1,0,1.2122518012660195,0.603114929540764,2
376,4,1,0,-0.4386322394331718,-0.8626940254063219,0
377,2,0,1,-0.7377893523573177,1.807172285390156,3
378,1,0,1,-1.0241492638851,-1.4385475434212485,1
379,2,1,1,-0.2218909059243389,-1.1244456245040158,1
380,2,1,0,-0.1148720562188341,0.34136333044307005,3
381,1,0,1,1.4382756118440456,0.28901301062353124,2
382,2,1,1,-0.7574808207031305,-0.7056430659477055,1
383,1,0,0,-1.0241492638851,-1.333846903782171,1
384,1,0,1,-1.0241492638851,-1.3861972236017097,1
385,2,2,1,-0.4628748251769872,-0.600942426308628,0
386,2,0,0,-0.6520841514563197,-0.7056430659477055,1
387,1,0,0,0.3374459283470005,0.1843123709844537,1
388,2,1,1,1.2606017910487592,0.6554652493603027,2
389,2,1,1,-0.03691727306492955,0.4460639700821476,3
390,1,0,1,1.658847093658128,0.7601658889993803,2
391,3,0,0,-0.5419561225383182,1.7548219655706172,3
392,2,1,0,0.0632073096911259,0.23666269080399246,3
393,2,3,1,-0.3146255554796774,-0.6532927461281668,0
394,1,0,1,-0.5271762561368842,0.1843123709844537,1
395,1,0,0,-1.0241492638851,-1.4385475434212485,1
396,2,0,1,0.3462777997332232,-0.2868405073913953,1
397,1,0,0,-1.0241492638851,-1.5432481830603262,1
398,2,1,1,0.8376182364443072,0.603114929540764,2
399,2,1,0,-0.5251485305635167,0.49841428990168635,3
400,1,0,0,-0.12911119580070338,0.28901301062353124,1
401,4,1,0,0.6594938099660501,0.49841428990168635,0
402,4,1,0,0.44933131942858723,0.5507646097212251,0
403,2,0,0,0.9527479884432818,-0.07743922811324022,2
404,2,0,0,-0.432188578166693,1.545420686292462,3
405,2,0,0,-0.6675399263822094,2.016573564668311,3
406,4,3,0,-0.4389026028429541,-0.2868405073913953,0
407,1,0,0,-0.9141113561036925,-1.2291462641430935,1
408,1,0,1,-1.0241492638851,-1.3861972236017097,1
409,4,5,1,0.7213169096696092,0.28901301062353124,0
410,2,2,1,1.0123631203002852,0.8648665286384578,0
411,2,0,0,-0.4159667735797533,0.9695671682775354,3
412,2,0,0,-0.627661323439316,-0.8103437055867831,1
413,2,1,0,-0.6756057681073823,0.5507646097212251,3
414,2,1,1,0.4946622511354242,0.7078155691798415,3
415,1,0,1,-0.46377603654292826,-0.7056430659477055,1
416,2,0,1,0.4679413341352708,0.6554652493603027,3
417,1,0,0,2.4406028930437293,-0.02508890829370144,2
418,2,0,0,-0.7546420049004161,1.6501213259315395,3
419,1,0,1,3.9777540593611547,0.49841428990168635,2
420,1,0,1,0.38264167834894636,-0.4438914668500117,1
421,2,0,1,-0.4801780834030562,1.283669087194768,3
422,2,1,1,4.736754271756744,0.603114929540764,2
423,4,2,0,0.14778599638469747,-0.4438914668500117,0
424,2,0,1,-0.6518588486148345,0.9172168484579966,3
425,1,0,0,-0.5711553707948095,-0.02508890829370144,1
426,2,1,1,0.05261807614131805,-0.4438914668500117,1
427,2,2,1,0.8923668269252286,-0.18213986775231777,0
428,1,0,1,2.2289534037524636,-0.5485921064890893,2
429,1,0,0,-0.048768202527054924,0.34136333044307005,3
430,3,2,0,-0.23955464869678433,-0.4962417866695505,0
431,1,0,0,-1.0241492638851,-1.333846903782171,1
432,2,0,1,-0.33026157267875533,0.9172168484579966,3
433,2,1,1,-0.4581885260740935,0.1843123709844537,3
434,2,0,1,-0.6063927352031062,-0.7579933857672444,1
435,1,0,1,-0.19562059460715603,-1.2814965839626322,1
436,1,0,0,0.6244366878309416,0.4460639700821476,3
437,2,0,1,-0.5735886414828505,0.07961173134537612,3
438,1,0,1,-1.0241492638851,-1.5432481830603262,1
439,1,0,0,-1.0241492638851,-1.4385475434212485,1
440,2,1,1,0.4207178585599575,0.28901301062353124,3
441,3,1,0,-0.09130537899947452,-0.6532927461281668,0
442,2,2,0,-0.16403313623092072,0.49841428990168635,0
443,2,1,0,-0.6183788463701229,-0.8626940254063219,1
444,3,2,0,-0.596299167904566,-0.9150443452258608,0
445,1,0,1,-0.7633837551500446,-1.2814965839626322,1
446,2,0,1,0.24173728128405642,1.3883697268338457,3
447,1,0,1,1.636542112351086,0.6554652493603027,2
448,2,1,0,-0.5853494498083818,0.7078155691798415,3
449,1,0,0,-0.7011100497635151,-0.18213986775231777,1
450,4,0,1,-0.6203615113751932,2.278325163766005,3
451,2,2,1,1.5543966963455553,-0.3915411470304729,2
452,2,0,1,0.9466648117231794,1.2313187673752293,3
453,2,1,0,1.2087370769388492,0.5507646097212251,2
454,4,1,0,-0.8992413685656645,-1.072095304684477,0
455,2,2,1,1.5125804889658887,-0.23449018757185658,2
456,1,0,1,-1.0241492638851,-1.3861972236017097,1
457,2,0,0,-0.5174882339530175,1.545420686292462,3
458,2,0,0,-0.3772146848442863,1.807172285390156,3
459,4,0,0,-0.1671423154434175,1.4407200466533845,3
460,2,3,1,0.33510277879555367,-0.2868405073913953,0
461,2,0,1,0.06135982639094665,1.283669087194768,3
462,1,0,0,-1.0241492638851,-1.4908978632407872,1
463,1,0,0,-0.01618941164828441,-0.5485921064890893,1
464,1,0,0,-0.4275022790637993,-1.2814965839626322,1
465,2,2,1,2.46002399797976,-0.33919082721093413,2
466,1,0,1,2.485753582477378,-0.3915411470304729,2
467,1,0,0,0.39016679325455444,-0.02508890829370144,1
468,2,0,0,-0.6797964009590083,1.2313187673752293,3
469,1,0,0,-1.0241492638851,-1.4908978632407872,1
470,1,0,0,0.2467390043650295,-0.129789547932779,1
471,2,2,1,-0.13893439968946128,-0.18213986775231777,0
472,2,0,1,-0.4914882860456169,-0.7056430659477055,1
473,1,0,1,-0.952457899724486,-0.9150443452258608,1
474,1,0,0,-1.0241492638851,-1.5432481830603262,1
475,1,0,0,-0.04827253627578732,0.34136333044307005,3
476,1,0,1,-1.0241492638851,-1.333846903782171,1
477,1,0,1,-1.0241492638851,-1.4908978632407872,1
478,1,0,1,-0.3869477675964501,-1.2814965839626322,1
479,2,0,1,3.057977739281675,0.3937136502626088,2
480,1,0,1,-1.0241492638851,-1.333846903782171,1
481,1,0,0,-1.0241492638851,-1.4385475434212485,1
482,4,0,0,-0.20512837451783458,1.3360194070143068,3
483,1,0,0,-0.8722500881557287,-1.2291462641430935,1
484,3,1,0,3.417290710882389,0.027261411525837338,2
485,2,3,1,0.33501265765895955,-0.23449018757185658,0
486,2,3,1,0.4057126893170383,-0.3915411470304729,0
487,4,2,0,0.2210995410040054,-0.129789547932779,0
488,2,1,0,-0.060574071420883245,0.8125162088189191,3
489,2,2,0,1.9204236926225304,0.8125162088189191,2
490,3,2,0,3.5849160249474323,0.7078155691798415,2
491,1,0,0,0.34010450187652674,0.1319620511649149,1
492,2,0,0,0.13963003352293057,1.7024716457510782,3
493,2,1,0,-0.8356158461302233,-0.8103437055867831,1
494,4,3,1,1.3434231155787457,-0.3915411470304729,0
495,1,0,0,1.838638761163376,0.1843123709844537,2
496,2,0,1,-0.3232771845927119,1.5977710061120007,3
497,2,0,0,-0.7435120445310436,2.1736245241269274,3
498,3,5,1,1.511228671916977,0.07961173134537612,0
499,1,0,0,-0.6951169941800068,-1.2291462641430935,1
500,2,3,1,-0.1661509829408823,-0.23449018757185658,0
501,1,0,0,-0.7173318543504549,0.9172168484579966,3
502,2,2,1,1.2689830567520113,-0.4962417866695505,0
503,1,0,0,-1.0241492638851,-1.4385475434212485,1
504,2,0,1,-0.5100081796157063,2.06892388448785,3
505,1,0,1,-1.0241492638851,-1.3861972236017097,1
506,1,0,0,-0.6481188214461788,-1.2291462641430935,1
507,2,0,1,-0.016504835626363793,1.074267807916613,3
508,3,0,1,0.45059301534090473,0.5507646097212251,3
509,1,0,1,-0.8248013097389302,-1.2814965839626322,1
510,3,1,0,0.3950783951989334,-0.9150443452258608,0
511,3,1,1,0.7504260367895064,-0.9673946650453995,0
512,2,0,0,-0.9536294745002094,2.06892388448785,3
513,2,3,0,-0.2232877835415476,-0.2868405073913953,0
514,2,0,1,0.5036293042265381,0.49841428990168635,3
515,1,0,1,0.28395903377839665,0.07961173134537612,1
516,1,0,1,-0.09180104525074212,0.07961173134537612,1
517,4,4,0,1.6063515315920593,0.34136333044307005,0
518,1,0,0,0.3722326870723267,0.1319620511649149,1
519,2,1,0,-0.03169024714247121,0.07961173134537612,3
520,2,5,0,0.939680423637136,-0.02508890829370144,0
521,1,0,0,-0.42407767587322315,-1.2291462641430935,1
522,3,2,0,-0.7128257975207494,0.603114929540764,0
523,2,0,0,0.18734917534951145,-0.4438914668500117,1
524,2,0,1,0.052032288753456335,1.7024716457510782,3
525,2,0,1,3.169187221838806,0.3937136502626088,2
526,2,0,1,0.6512026653993921,1.1789684475556905,3
527,1,0,0,-0.2531629403224948,1.3360194070143068,3
528,2,1,1,0.14620887649430056,0.7601658889993803,3
529,1,0,0,-0.5629994079330426,-1.2814965839626322,1
530,2,0,1,0.6628282920200321,1.0219174880970743,3
531,2,0,0,0.3067596813367063,0.027261411525837338,3
532,1,0,1,-1.0241492638851,-1.4908978632407872,1
533,2,1,1,0.2844096394613672,-0.5485921064890893,1
534,3,0,0,-0.8753142067999284,0.9695671682775354,3
535,2,3,0,-0.3586497307058998,-0.600942426308628,0
536,1,0,0,-1.0241492638851,-1.3861972236017097,1
537,2,1,0,0.5582427130025683,0.7601658889993803,3
538,2,0,1,-0.4344416065815457,-1.072095304684477,1
539,4,2,1,-0.2924557558775265,-0.4962417866695505,0
540,1,0,1,-0.6615018102304041,-0.8626940254063219,1
541,2,1,0,0.9673476125715276,-0.6532927461281668,2
542,4,0,0,-0.48585571500848507,0.9172168484579966,3
543,1,0,0,-1.0241492638851,-1.333846903782171,1
544,2,0,0,-0.6163511207967554,1.1789684475556905,3
545,1,0,1,-0.24005031494805193,-1.2814965839626322,1
546,1,0,1,2.0417267424782013,0.28901301062353124,2
547,1,0,1,-1.0241492638851,-1.333846903782171,1
548,1,0,1,-0.5014466716392659,-1.2814965839626322,1
549,2,1,0,-0.13920476309924362,-0.9150443452258608,1
550,1,0,0,-1.0241492638851,-1.333846903782171,1
551,2,0,0,0.729472872531376,0.4460639700821476,3
552,2,0,1,-0.13875415741627306,1.2313187673752293,3
553,1,0,0,-1.0241492638851,-1.333846903782171,1
554,2,0,0,-0.7322018418884828,1.1789684475556905,3
555,2,1,1,-0.46958884985324834,-0.7056430659477055,1
556,3,2,0,-0.3928056414750672,-0.7056430659477055,0
557,1,0,1,-1.0241492638851,-1.4385475434212485,1
558,2,0,1,0.15247229548759117,-0.33919082721093413,1
559,1,0,1,0.930623249409428,0.28901301062353124,2
560,1,0,1,-0.2956099956583203,0.34136333044307005,1
561,2,0,0,-0.6509576372488933,1.5977710061120007,3
562,1,0,0,-1.0241492638851,-1.3861972236017097,1
563,2,0,0,-0.6846629423350902,0.9695671682775354,3
564,2,4,0,0.9318398847534485,-0.129789547932779,0
565,1,0,0,-1.0241492638851,-1.5432481830603262,1
566,2,0,0,-0.8562535864102743,1.4930703664729232,3
567,2,0,0,-0.8274148227001593,0.9695671682775354,3
568,2,2,1,-0.6187393309164992,-1.0197449848649383,0
569,2,2,1,0.09402873840631128,-0.5485921064890893,0
570,2,2,0,-0.5008608842514043,-0.18213986775231777,0
571,2,2,0,1.203510051016391,0.23666269080399246,0
572,1,0,1,-0.7478378590875608,-1.1244456245040158,1
573,1,0,1,-1.0241492638851,-1.4908978632407872,1
574,1,0,1,-1.0241492638851,-1.4908978632407872,1
575,2,2,0,1.5991418406645306,0.6554652493603027,2
576,2,0,0,-0.5266355293173195,2.1212742043073884,3
577,1,0,0,-0.8354806644253321,-1.2291462641430935,1
578,2,0,0,0.4246381280018013,-0.5485921064890893,1
579,1,0,1,-0.17674021649069013,-1.2291462641430935,1
580,2,2,1,0.28148070252205865,0.603114929540764,0
581,2,0,0,-0.5066286369934273,1.4407200466533845,3
582,1,0,1,0.770703292523181,0.8125162088189191,3
583,4,0,0,-0.6582574493130162,1.1789684475556905,3
584,2,0,0,-0.3977623039877432,1.7548219655706172,3
585,3,2,1,2.853537940917938,0.3937136502626088,2
586,4,1,0,0.1415225773914069,0.603114929540764,0
587,1,0,0,-0.6047705547444123,-0.07743922811324022,1
588,4,0,1,-0.12784949988838584,1.4407200466533845,3
589,2,0,1,1.4421958812858895,0.3937136502626088,2
590,1,0,0,-0.6876820004109928,-0.07743922811324022,1
591,1,0,0,0.30829174065880616,0.34136333044307005,3
592,2,2,0,-0.0003280916077211716,0.5507646097212251,0
593,1,0,1,0.03369263745655509,-1.2291462641430935,1
594,1,0,1,-1.0241492638851,-1.4908978632407872,1
595,2,2,1,3.217086605938575,0.4460639700821476,2
596,2,0,1,-0.8076782937860494,1.6501213259315395,3
597,1,0,1,-0.7278309667636685,0.1319620511649149,1
598,1,0,0,-1.0241492638851,-1.3861972236017097,1
599,1,0,1,1.5032078907601012,0.1843123709844537,2
600,4,3,1,0.30139747370935677,-0.4962417866695505,0
601,1,0,0,-1.0241492638851,-1.4908978632407872,1
602,1,0,1,0.373314140711456,-0.600942426308628,1
603,2,0,0,0.18563687375422339,1.283669087194768,3
604,2,2,1,0.7671885681960108,0.7601658889993803,0
605,1,0,0,-1.0241492638851,-1.4385475434212485,1
606,4,1,0,-0.708364801259341,-0.129789547932779,0
607,2,3,0,0.9617150415343957,-0.18213986775231777,0
608,1,0,0,-0.11464675337734882,-0.07743922811324022,1
609,1,0,0,-1.0241492638851,-1.4385475434212485,1
610,2,0,0,-0.7637442396964211,1.9118729250292334,3
611,2,5,0,-0.08373520352556933,0.28901301062353124,0
612,2,0,1,0.9445920255815149,1.3360194070143068,3
613,2,0,0,-0.9024406689147554,1.4407200466533845,3
614,2,1,1,-0.677137827429482,-0.9150443452258608,1
615,2,0,1,-0.1536241449543011,-0.9673946650453995,1
616,1,0,1,-0.6715052563923503,-1.2814965839626322,1
617,1,0,0,-1.0241492638851,-1.4385475434212485,1
618,2,0,0,-0.4031695721833898,0.3937136502626088,3
619,1,0,0,-1.0241492638851,-1.5432481830603262,1
620,1,0,0,-1.0241492638851,-1.3861972236017097,1
621,2,1,1,1.2730385078987463,0.4460639700821476,2
622,4,4,0,0.17211870326510698,0.1843123709844537,0
623,3,3,0,1.080720002406917,0.23666269080399246,0
624,2,1,1,0.9723493356525006,0.5507646097212251,2
625,4,0,1,-0.08121181170093428,1.4407200466533845,3
626,1,0,0,0.2351133777443894,-0.18213986775231777,1
627,2,1,0,-0.30791153080341627,0.1843123709844537,3
628,2,2,0,1.6231140629985636,0.3937136502626088,2
629,2,1,0,-0.27082668309494023,-1.0197449848649383,1
630,2,2,0,-0.3147156766162715,0.3937136502626088,0
631,1,0,0,-0.7606350604839244,2.1212742043073884,3
632,1,0,1,-1.0241492638851,-1.4385475434212485,1
633,2,0,0,0.15364387026331458,1.1789684475556905,3
634,2,0,1,-0.701785958287971,1.1789684475556905,3
635,1,0,0,-0.4842335345497911,-0.4962417866695505,1
636,1,0,1,-0.5622784388402897,1.3883697268338457,3
637,2,2,0,0.389806308708178,-0.07743922811324022,0
638,1,0,1,-0.7222434562948338,-1.0197449848649383,1
639,3,0,1,5.386798030010054,0.603114929540764,2
640,4,0,1,-0.8953661596921177,2.1212742043073884,3
641,1,0,1,-1.0241492638851,-1.5432481830603262,1
642,1,0,1,-0.3500882227294594,-1.1244456245040158,1
643,2,2,1,-0.6809229151664347,0.027261411525837338,0
644,2,1,0,0.8262179126651523,0.6554652493603027,2
645,3,2,0,0.945448176379159,-0.600942426308628,0
646,2,2,0,0.5435529677377285,0.49841428990168635,0
647,1,0,0,0.8697914822084042,-0.5485921064890893,1
648,2,0,1,-0.6983613550973948,1.0219174880970743,3
649,2,2,1,0.32834369355099546,-0.6532927461281668,0
650,2,0,1,-0.7362122324669207,-0.07743922811324022,1
651,2,2,1,2.094267365112567,0.5507646097212251,2
652,2,2,0,-0.1960712002901266,-0.33919082721093413,0
653,2,4,1,0.9851915976171611,0.027261411525837338,0
654,3,2,1,0.26088802281030465,-0.600942426308628,0
655,3,2,1,-0.19206080971168873,-0.600942426308628,0
656,2,0,0,0.8140966197932447,1.2313187673752293,3
657,1,0,0,-0.763654118559827,1.9642232448487722,3
658,1,0,1,2.769229617634149,-0.2868405073913953,2
659,2,1,1,0.6323222872829262,0.6554652493603027,3
660,1,0,0,-0.9424093929942429,-1.2814965839626322,1
661,1,0,1,-0.6928189051968571,-1.2291462641430935,1
662,1,0,0,-0.3287745739249525,1.0219174880970743,3
663,4,3,0,-0.04426214569734946,-0.6532927461281668,0
664,4,3,0,-0.2907434542822384,-0.129789547932779,0
665,2,2,1,0.8142318014981358,-0.33919082721093413,0
666,4,1,0,-0.8051999625297114,-0.7056430659477055,0
667,1,0,1,-1.0241492638851,-1.4908978632407872,1
668,2,0,0,-0.05714946823030709,0.5507646097212251,3
669,2,2,0,0.9456734792206443,-0.4962417866695505,0
670,1,0,0,-0.9032066985758053,-0.8626940254063219,1
671,1,0,1,0.07082254573332812,0.23666269080399246,1
672,2,3,1,0.9723493356525006,-0.4962417866695505,0
673,1,0,0,-1.0241492638851,-1.4385475434212485,1
674,2,1,1,1.5732320138937241,0.8648665286384578,2
675,3,0,0,-0.7084999829642321,1.807172285390156,3
676,2,2,0,-0.4357483630621603,-0.8103437055867831,0
677,1,0,1,0.6189392984987009,-0.5485921064890893,1
678,3,2,0,-0.6634394146671775,-0.4962417866695505,0
679,2,2,0,-0.5803927872957058,-0.02508890829370144,0
680,4,2,1,-0.6519940303197256,-0.7056430659477055,0
681,1,0,1,-1.0241492638851,-1.4385475434212485,1
682,2,0,0,-0.6446040971190086,-0.23449018757185658,1
683,4,1,1,1.1057286178117824,0.603114929540764,2
684,1,0,1,-1.0241492638851,-1.3861972236017097,1
685,1,0,0,-0.25875045079132963,-0.129789547932779,1
686,2,0,1,0.6252027174919915,1.1789684475556905,3
687,2,1,0,0.025491614026491145,0.4460639700821476,3
688,2,2,0,0.9919506828617194,-0.600942426308628,0
689,1,0,0,-1.0241492638851,-1.333846903782171,1
690,2,3,1,-0.18318387775716896,-0.18213986775231777,0
691,2,0,0,1.9058691290625818,0.027261411525837338,2
692,2,0,1,0.0952904343186288,0.9695671682775354,3
693,3,0,1,2.3954972641783776,-0.129789547932779,2
694,1,0,1,-0.659699387498522,2.1736245241269274,3
695,2,0,1,-0.25027906395148336,2.016573564668311,3
696,2,2,0,0.40161217760200635,0.23666269080399246,0
697,2,1,0,-0.8327770303275088,0.6554652493603027,3
698,2,0,0,-0.37266356744628376,0.34136333044307005,3
699,2,0,1,1.0878395721978518,0.8648665286384578,2
700,2,0,0,-0.5374951262769097,2.4353761232246214,3
701,2,0,0,-0.4801780834030562,1.3883697268338457,3
702,4,1,0,-0.45350222697119985,0.6554652493603027,3
703,2,2,0,-0.11311469405524897,-0.4438914668500117,0
704,1,0,1,0.20325555595837175,0.7601658889993803,3
705,2,2,1,0.7243359677455118,-0.07743922811324022,0
706,1,0,1,-0.7489193127266901,-1.2291462641430935,1
707,2,0,1,1.2227058531109363,0.6554652493603027,2
708,3,0,0,-0.7573906995665364,1.2313187673752293,3
709,1,0,1,-1.0241492638851,-1.333846903782171,1
710,2,0,1,0.04518308237230403,-1.072095304684477,1
711,2,3,0,1.7801501435137992,-0.6532927461281668,0
712,3,0,0,1.3596899807339824,-0.129789547932779,2
713,3,2,0,1.4941957771006904,-0.3915411470304729,0
714,1,0,1,-0.9060905749468168,-1.072095304684477,1
715,4,3,0,-0.4763028745295095,-0.3915411470304729,0
716,1,0,0,2.732370072767158,0.1843123709844537,2
717,2,3,0,0.07388666437752785,-0.4962417866695505,0
718,1,0,1,-1.0241492638851,-1.4385475434212485,1
719,2,1,0,0.06248634059837302,0.28901301062353124,3
720,2,2,0,0.4439691118012377,-0.4962417866695505,0
721,1,0,0,-1.0241492638851,-1.5432481830603262,1
722,1,0,1,-1.0241492638851,-1.333846903782171,1
723,2,1,0,1.4412496093516514,0.6554652493603027,2
724,4,1,1,0.6256983837432591,-0.23449018757185658,0
725,2,1,1,1.0694097997643564,0.49841428990168635,2
726,2,0,1,-0.34197732043598955,1.074267807916613,3
727,1,0,1,-0.9130299024645632,1.0219174880970743,3
728,2,1,0,-0.2888058498454651,0.3937136502626088,3
729,1,0,0,0.0908294380572204,-0.6532927461281668,1
730,1,0,0,-0.1716033117048259,0.4460639700821476,3
731,2,0,0,-0.9198791088457154,2.3830258034050824,3
732,1,0,0,0.9508103840065084,0.027261411525837338,2
733,3,0,0,-0.5824655734373703,1.2313187673752293,3
734,1,0,0,-1.0241492638851,-1.333846903782171,1
735,3,0,1,-0.8244858857608508,1.0219174880970743,3
736,1,0,0,0.30608377281225047,0.28901301062353124,3
737,4,1,0,0.6252928386285856,-0.129789547932779,0
738,2,1,1,-0.4262405831514818,0.3937136502626088,3
739,1,0,0,-0.30930840842062496,1.2313187673752293,3
740,2,0,0,-0.9210056230531418,-0.4438914668500117,1
741,1,0,0,-1.0241492638851,-1.4385475434212485,1
742,4,1,0,-0.35747815593017634,-0.33919082721093413,0
743,2,1,1,0.1648639517692812,0.7078155691798415,3
744,2,2,1,1.73806357272435,0.3937136502626088,2
745,2,0,0,-0.3437346825995747,-0.2868405073913953,1
746,1,0,0,-0.21869160557524803,-1.2814965839626322,1
