,acct_nbr,cust_id,acct_type,cc_var,ck_var,sv_var
0,13625623,2562,1,,,-3472.81
36,13628392,2839,2,,8852.640000000001,
116,13630842,3084,2,,2564.46,
194,13631412,3141,2,,-420.37,
275,13625722,2572,2,,242.53,
351,13625032,2503,2,,1640.56,
431,13631642,3164,2,,3.019999999999982,
518,4561143213634590,3459,3,-3000.0,,
546,13631542,3154,2,,109.58,
622,13627532,2753,2,,113.77,
677,13629022,2902,2,,4.790000000000006,
757,13632573,3257,1,,,-936.46
805,13634612,3461,2,,1920.5,
890,13628552,2855,2,,-868.5699999999999,
970,13630362,3036,2,,3260.5499999999997,
1058,13634532,3453,2,,216.97,
1069,4561143213625470,2547,3,-952.52,,
1131,4561143213634000,3400,3,1106.8200000000002,,
1192,13628153,2815,1,,,245.35000000000002
1218,13624922,2492,2,,4518.780000000001,
1299,13634042,3404,2,,-564.28,
1377,13628822,2882,2,,311.3,
1455,13631032,3103,2,,571.15,
1536,13632232,3223,2,,3158.3900000000003,
1614,13633012,3301,2,,5330.95,
1691,4561143213629380,2938,3,965.3399999999999,,
1749,4561143213629110,2911,3,1261.22,,
1798,4561143213632430,3243,3,915.8399999999999,,
1851,13629332,2933,2,,-96.0,
1938,13625482,2548,2,,5434.6900000000005,
2025,4561143213628220,2822,3,-1000.0,,
2045,13625852,2585,2,,204.76999999999998,
2126,13626613,2661,1,,,-1408.1399999999999
2161,13634332,3433,2,,1374.5300000000002,
2229,13632332,3233,2,,4916.96,
2309,13626432,2643,2,,2426.2099999999996,
2353,13629392,2939,2,,-1016.2,
2436,4561143213632360,3236,3,4367.43,,
2541,4561143213626250,2625,3,2456.07,,
2581,13633752,3375,2,,108.97,
2659,13629322,2932,2,,-116.27999999999997,
2737,4561143213632410,3241,3,-1064.85,,
2803,13624852,2485,2,,164.29,
2886,13632723,3272,1,,,-545.9799999999999
2924,13630882,3088,2,,-589.35,
3000,13633652,3365,2,,4677.46,
3077,13633553,3355,1,,,-167.67000000000007
3100,13634453,3445,1,,,190.26999999999998
3129,4561143213630130,3013,3,-155.89999999999998,,
3210,13634352,3435,2,,2276.5600000000004,
3289,13629693,2969,1,,,-4729.25
3332,4561143213631700,3170,3,143.08000000000004,,
3385,13625493,2549,1,,,-727.57
3428,13625782,2578,2,,2409.4300000000003,
3510,4561143213625560,2556,3,1413.94,,
3544,4561143213632630,3263,3,-1218.94,,
3618,13630762,3076,2,,851.48,
3703,13627832,2783,2,,-680.9,
3789,4561143213626530,2653,3,-1188.57,,
3818,13626322,2632,2,,6774.27,
3896,4561143213626220,2622,3,1901.54,,
3937,4561143213632160,3216,3,-571.29,,
3971,13633162,3316,2,,-831.1700000000001,
4054,13631872,3187,2,,345.76,
4136,13631303,3130,1,,,53.84
4165,13630262,3026,2,,-1966.6899999999998,
4248,13627402,2740,2,,675.1400000000001,
4309,13627222,2722,2,,5520.67,
4391,13627712,2771,2,,20.169999999999987,
4476,13632222,3222,2,,-649.9599999999999,
4560,13633282,3328,2,,-479.84,
4611,4561143213634680,3468,3,-5500.0,,
4647,13630462,3046,2,,3587.5199999999995,
4730,13632752,3275,2,,183.12,
4811,13634032,3403,2,,4420.74,
4889,13628102,2810,2,,2385.9900000000002,
4964,4561143213627370,2737,3,-6600.0,,
5027,13627252,2725,2,,3806.64,
5115,13626972,2697,2,,2674.65,
5199,13627762,2776,2,,2701.02,
5284,13632032,3203,2,,36.1099999999999,
5366,13629823,2982,1,,,-1145.8600000000001
5405,13633342,3334,2,,150.76,
5479,13627053,2705,1,,,-1194.04
5509,13634472,3447,2,,2213.96,
5590,13633212,3321,2,,-2539.24,
5671,4561143213629910,2991,3,-700.6099999999999,,
5729,13632432,3243,2,,1893.78,
5798,13628302,2830,2,,-414.18,
5881,13625122,2512,2,,1511.0399999999997,
5961,4561143213625870,2587,3,20.029999999999973,,
6032,13632122,3212,2,,184.22,
6120,4561143213634540,3454,3,1333.87,,
6199,4561143213633350,3335,3,-672.76,,
6245,13630592,3059,2,,3444.4500000000003,
6327,4561143213631650,3165,3,-168.13,,
6363,4561143213633070,3307,3,1285.2700000000002,,
6445,13630672,3067,2,,238.18,
6523,13632622,3262,2,,192.35,
6599,13626503,2650,1,,,6.460000000000008
6632,13631013,3101,1,,,-86.55999999999949
6648,4561143213631600,3160,3,370.77000000000004,,
6712,4561143213626610,2661,3,-73.95000000000005,,
6765,13632643,3264,1,,,1725.9299999999998
6799,13625462,2546,2,,2572.34,
6881,4561143213626990,2699,3,-526.0600000000001,,
6931,13629492,2949,2,,2662.69,
7005,13627642,2764,2,,-450.65999999999997,
7080,13627672,2767,2,,42.28,
7168,4561143213632120,3212,3,-1114.29,,
7206,13628202,2820,2,,13886.910000000002,
7286,13633242,3324,2,,1685.04,
7327,4561143213626630,2663,3,-2571.13,,
7375,13626722,2672,2,,-491.21999999999997,
7433,13634542,3454,2,,2191.36,
7513,13627652,2765,2,,1795.06,
7599,13634282,3428,2,,870.0999999999999,
7681,4561143213629900,2990,3,-667.98,,
7752,13628272,2827,2,,2552.24,
7833,13634102,3410,2,,3576.31,
7885,13626062,2606,2,,3783.8,
7965,4561143213629370,2937,3,1671.88,,
8004,13626053,2605,1,,,-18.06000000000006
8016,13633022,3302,2,,1475.7799999999997,
8101,13634202,3420,2,,2546.65,
8177,13629803,2980,1,,,-78.32
8213,13634422,3442,2,,696.4,
8302,13628872,2887,2,,-1042.0199999999998,
8390,13634823,3482,1,,,-364.54999999999995
8420,13632053,3205,1,,,-1121.03
8444,4561143213630830,3083,3,-969.94,,
8486,13626743,2674,1,,,120.19
8502,13628142,2814,2,,-336.52,
8577,13634082,3408,2,,164.77,
8662,13630022,3002,2,,-746.73,
8746,13634802,3480,2,,2038.42,
8834,4561143213632470,3247,3,-2894.7,,
8892,13634812,3481,2,,176.62,
8980,4561143213627540,2754,3,74.35,,
8996,13633073,3307,1,,,38.89999999999998
9024,13629642,2964,2,,1551.94,
9109,13631612,3161,2,,2616.2599999999998,
9189,4561143213630930,3093,3,-745.62,,
9219,4561143213629020,2902,3,-73.52000000000004,,
9282,13625312,2531,2,,3427.5099999999998,
9361,4561143213633920,3392,3,-165.23000000000002,,
9394,13631122,3112,2,,1673.95,
9477,13632413,3241,1,,,-1376.31
9519,13631972,3197,2,,2538.58,
9600,13627542,2754,2,,2542.54,
9683,13630482,3048,2,,128.57,
9767,4561143213632640,3264,3,-948.31,,
9857,4561143213632040,3204,3,-1200.0,,
9886,4561143213633440,3344,3,-309.96000000000004,,
9944,13627582,2758,2,,2171.19,
10024,13630932,3093,2,,-966.2700000000001,
10111,13627812,2781,2,,150.45,
10187,13633362,3336,2,,4159.900000000001,
10263,13632882,3288,2,,-752.7600000000001,
10345,13633532,3353,2,,4980.0,
10428,13628082,2808,2,,2351.58,
10506,4561143213627250,2725,3,-1939.63,,
10547,4561143213626400,2640,3,701.51,,
10610,13632702,3270,2,,199.03,
10689,13629733,2973,1,,,-296.3800000000001
10711,4561143213632290,3229,3,-153.68000000000006,,
10764,13633062,3306,2,,119.82,
10842,13633893,3389,1,,,542.5500000000001
10876,13631672,3167,2,,5419.4800000000005,
10955,4561143213627050,2705,3,-413.11,,
11005,13629712,2971,2,,3180.48,
11087,13632472,3247,2,,-222.42000000000002,
11175,13627433,2743,1,,,-680.0100000000002
11197,13625733,2573,1,,,313.75
11234,13630293,3029,1,,,-60.68000000000001
11255,4561143213630020,3002,3,-857.25,,
11403,4561143213624890,2489,3,1445.41,,
11437,13626202,2620,2,,3990.5299999999997,
11515,13628553,2855,1,,,6.670000000000016
11543,13631572,3157,2,,9631.800000000001,
11621,13632362,3236,2,,2924.85,
11696,4561143213628310,2831,3,-718.8699999999999,,
11728,13629053,2905,1,,,-166.69000000000005
11750,13633982,3398,2,,2483.13,
11832,13632842,3284,2,,-525.51,
11914,13632612,3261,2,,2579.2400000000002,
11997,13631422,3142,2,,560.45,
12081,13625093,2509,1,,,-189.98
12122,13634853,3485,1,,,-2.359999999999985
12134,13631922,3192,2,,1273.4,
12207,13633142,3314,2,,1809.43,
12291,4561143213628880,2888,3,4939.79,,
12394,13632542,3254,2,,-418.66,
12473,13633272,3327,2,,2373.36,
12559,13630172,3017,2,,2547.7599999999998,
12639,13633853,3385,1,,,-1215.7399999999998
12667,13625622,2562,2,,2475.92,
12745,4561143213628390,2839,3,-142.73999999999978,,
12839,4561143213626850,2685,3,-1208.1,,
12877,4561143213629490,2949,3,-1017.26,,
12918,13633902,3390,2,,2270.4,
13000,13625632,2563,2,,535.4300000000001,
13087,13633922,3392,2,,2636.02,
13168,13629973,2997,1,,,-3.0
13180,13624872,2487,2,,1379.8600000000001,
13226,13629912,2991,2,,99.94,
13304,4561143213632820,3282,3,-226.26999999999998,,
13340,4561143213632180,3218,3,-467.08000000000004,,
13413,13624843,2484,1,,,-1927.41
13446,13626192,2619,2,,3312.04,
13528,13628512,2851,2,,6423.95,
13617,13626372,2637,2,,247.35999999999999,
13698,4561143213627770,2777,3,-1868.87,,
13831,13630713,3071,1,,,1083.2800000000002
13855,13628292,2829,2,,-1877.8799999999997,
13940,13631172,3117,2,,451.14,
13991,4561143213628170,2817,3,-793.34,,
14025,4561143213630970,3097,3,-227.85000000000002,,
14078,4561143213626420,2642,3,-228.84000000000003,,
14144,13634213,3421,1,,,-5.869999999999976
14173,4561143213625120,2512,3,-1314.9,,
14197,4561143213634090,3409,3,817.12,,
14236,4561143213626450,2645,3,2051.7,,
14270,13634502,3450,2,,13.050000000000011,
14359,13633312,3331,2,,1348.7999999999997,
14446,4561143213629780,2978,3,730.8400000000001,,
14551,13629932,2993,2,,-483.3499999999999,
14628,13633952,3395,2,,1034.1799999999998,
14710,4561143213626830,2683,3,-2462.41,,
14843,13633522,3352,2,,439.1199999999999,
14923,13629052,2905,2,,2701.4500000000003,
15003,13630923,3092,1,,,-140.13
15026,13631402,3140,2,,237.14,
15076,13629752,2975,2,,-24.870000000000005,
15153,4561143213626640,2664,3,-1052.38,,
15186,13629862,2986,2,,1179.92,
15216,13634712,3471,2,,50.22,
15302,13626222,2622,2,,3811.7400000000007,
15388,13633712,3371,2,,2733.56,
15470,4561143213633140,3314,3,2026.85,,
15529,13634523,3452,1,,,549.1700000000001
15566,4561143213633770,3377,3,-511.41,,
15628,13629452,2945,2,,-170.47,
15716,13633393,3339,1,,,-340.09000000000003
15757,13634412,3441,2,,-39.92999999999999,
15835,4561143213625740,2574,3,-1300.0,,
15902,4561143213625250,2525,3,1850.6699999999998,,
15991,13628982,2898,2,,137.70000000000002,
16072,13633523,3352,1,,,-910.8299999999999
16093,13626092,2609,2,,2547.89,
16166,4561143213630810,3081,3,1608.1200000000001,,
16184,13627152,2715,2,,2324.0699999999997,
16260,13625652,2565,2,,5482.01,
16335,13630372,3037,2,,2398.4,
16419,13626862,2686,2,,324.35,
16499,13634692,3469,2,,-107.27,
16574,4561143213630110,3011,3,3468.29,,
16609,13632172,3217,2,,2548.16,
16684,13628972,2897,2,,99.79,
16762,13634623,3462,1,,,-1735.92
16783,4561143213624990,2499,3,-853.7,,
16814,4561143213633820,3382,3,-1000.0,,
16848,13625483,2548,1,,,-3.780000000000001
16860,4561143213632570,3257,3,-2275.24,,
16894,13632982,3298,2,,7290.19,
16974,13632352,3235,2,,1820.28,
17055,13624892,2489,2,,707.97,
17141,13629952,2995,2,,-1625.4299999999998,
17229,13633872,3387,2,,-782.63,
17299,13628172,2817,2,,-1.4000000000000057,
17376,13634413,3441,1,,,-462.76
17401,13626332,2633,2,,3990.71,
17488,13625402,2540,2,,9103.51,
17571,13633172,3317,2,,11.03000000000003,
17625,13632712,3271,2,,1849.7199999999998,
17715,4561143213624840,2484,3,909.06,,
17766,13628432,2843,2,,-158.60000000000036,
17852,13634043,3404,1,,,-436.44
17882,13629992,2999,2,,4085.64,
17961,4561143213633520,3352,3,-205.54999999999995,,
18020,4561143213632540,3254,3,1008.8299999999999,,
18069,13626822,2682,2,,3678.76,
18124,13633213,3321,1,,,-836.9100000000001
18157,4561143213630260,3026,3,-1078.18,,
18212,4561143213629040,2904,3,766.0,,
18258,13634223,3422,1,,,409.17
18274,13630812,3081,2,,-79.07,
18311,13630832,3083,2,,-2038.9499999999998,
18387,4561143213628110,2811,3,-890.77,,
18450,13625082,2508,2,,2571.0899999999997,
18525,13628483,2848,1,,,420.75
18545,13630102,3010,2,,-1424.5600000000002,
18632,13630432,3043,2,,3716.8900000000003,
18715,13625302,2530,2,,5299.17,
18784,4561143213630170,3017,3,-1000.0,,
18844,13631603,3160,1,,,-9.5
18887,13631832,3183,2,,5881.32,
18968,13625262,2526,2,,2745.71,
19052,13631732,3173,2,,1.1899999999999977,
19140,4561143213629620,2962,3,-564.79,,
19205,13634482,3448,2,,3578.34,
19282,13628062,2806,2,,-2342.77,
19371,13626093,2609,1,,,709.02
19399,4561143213633560,3356,3,-517.85,,
19452,13631912,3191,2,,-48.56999999999999,
19511,13627932,2793,2,,3408.04,
19589,13628353,2835,1,,,-30.660000000000082
19601,13631002,3100,2,,2515.28,
19685,13631472,3147,2,,-126.35,
19761,13625952,2595,2,,3969.44,
19827,13630113,3011,1,,,83.33000000000015
19860,13630122,3012,2,,1110.03,
19941,13629632,2963,2,,198.33,
20029,13626173,2617,1,,,-2.0400000000000205
20041,13630143,3014,1,,,-2.630000000000024
20053,13632103,3210,1,,,59.99
20071,4561143213629750,2975,3,30.600000000000023,,
20102,13630222,3022,2,,-872.5799999999999,
20114,4561143213633550,3355,3,2352.36,,
20156,13632192,3219,2,,4298.64,
20240,13626642,2664,2,,1457.2899999999995,
20322,13633533,3353,1,,,-1399.1100000000001
20346,13624802,2480,2,,244.99,
20429,4561143213633310,3331,3,5309.950000000001,,
20468,13631282,3128,2,,719.9099999999999,
20497,4561143213633420,3342,3,-983.61,,
20572,13628222,2822,2,,1959.6899999999996,
20649,4561143213628830,2883,3,-983.06,,
20683,13624882,2488,2,,4112.5199999999995,
20757,13629953,2995,1,,,-2504.91
20800,13633923,3392,1,,,-132.54000000000002
20823,4561143213625780,2578,3,-595.0600000000001,,
20869,13631692,3169,2,,169.0,
20908,13630582,3058,2,,2623.64,
20992,13628092,2809,2,,2039.1299999999999,
21073,4561143213634830,3483,3,-53.74000000000001,,
21140,4561143213633990,3399,3,428.31,,
21145,13626693,2669,1,,,-1519.85
21173,13626872,2687,2,,-54.72,
21258,13628312,2831,2,,2046.24,
21277,4561143213627750,2775,3,-163.19,,
21308,13628603,2860,1,,,135.23000000000002
21344,13634922,3492,2,,1244.4699999999998,
21422,13628012,2801,2,,398.0,
21495,13627213,2721,1,,,119.11000000000001
21517,13626312,2631,2,,4478.55,
21592,13634702,3470,2,,2278.62,
21664,4561143213625310,2531,3,-183.8900000000001,,
21694,13634672,3467,2,,4097.509999999999,
21773,13626982,2698,2,,6147.34,
21849,4561143213627180,2718,3,1849.53,,
21861,4561143213630540,3054,3,-41.59999999999991,,
21915,13632673,3267,1,,,-858.6000000000001
21936,13630972,3097,2,,193.42000000000002,
22018,4561143213626330,2633,3,-750.8199999999999,,
22082,13627082,2708,2,,-46.370000000000005,
22165,13629622,2962,2,,-3.319999999999993,
22243,4561143213628750,2875,3,-189.09000000000015,,
22279,13626622,2662,2,,2512.08,
22362,13633892,3389,2,,2279.94,
22448,13630952,3095,2,,1054.78,
22512,4561143213625090,2509,3,867.49,,
22593,13628162,2816,2,,4153.34,
22673,13628962,2896,2,,5417.29,
22747,4561143213628580,2858,3,-708.2,,
22825,13629112,2911,2,,182.42,
22909,13633052,3305,2,,283.52000000000004,
22992,13629362,2936,2,,64.41,
23069,4561143213629590,2959,3,3074.22,,
23101,13632102,3210,2,,1920.8500000000001,
23183,13626422,2642,2,,18.85000000000001,
23262,13632412,3241,2,,460.42,
23350,13628042,2804,2,,7638.35,
23423,13633663,3366,1,,,-7006.52
23458,13633542,3354,2,,996.36,
23543,13626022,2602,2,,-197.89,
23628,4561143213629720,2972,3,1125.92,,
23650,13627813,2781,1,,,-1835.77
23671,13634622,3462,2,,83.15999999999985,
23695,4561143213632170,3217,3,-373.12,,
23771,13629182,2918,2,,135.26,
23852,4561143213625720,2572,3,9.289999999999964,,
23890,4561143213634140,3414,3,66.07999999999998,,
23928,13628212,2821,2,,1657.5700000000002,
23979,13632163,3216,1,,,30.980000000000004
24014,4561143213631640,3164,3,-723.39,,
24092,13631962,3196,2,,-65.11999999999995,
24176,13630173,3017,1,,,-890.3299999999999
24196,13634742,3474,2,,2651.09,
24279,13632802,3280,2,,5.650000000000034,
24361,4561143213628100,2810,3,2152.3300000000004,,
24407,13630872,3087,2,,289.82,
24491,13630352,3035,2,,-95.71000000000001,
24574,13628322,2832,2,,789.3499999999999,
24661,13630602,3060,2,,6399.849999999999,
24742,13625673,2567,1,,,-1828.3100000000004
24795,4561143213625660,2566,3,4781.23,,
24839,4561143213628240,2824,3,9633.49,,
24885,13627443,2744,1,,,-1669.68
24931,13634752,3475,2,,266.96000000000004,
25018,13634683,3468,1,,,-653.29
25072,13633373,3337,1,,,-7234.57
25110,13632283,3228,1,,,-1228.02
25132,13631673,3167,1,,,-39.86000000000013
25158,4561143213628440,2844,3,-163.64,,
25212,4561143213634580,3458,3,-572.9,,
25250,13634572,3457,2,,10917.169999999998,
25330,4561143213633830,3383,3,1069.93,,
25337,4561143213627400,2740,3,441.9499999999998,,
25385,4561143213629290,2929,3,-4200.0,,
25418,13627262,2726,2,,166.91,
25502,13628293,2829,1,,,-1840.6499999999999
25530,13628223,2822,1,,,-362.49999999999994
25578,13628103,2810,1,,,-547.91
25599,13626302,2630,2,,2652.3,
25673,13628152,2815,2,,1961.6600000000003,
25754,13626873,2687,1,,,-544.6500000000001
25783,13632763,3276,1,,,-1225.02
25822,13631302,3130,2,,112.86000000000001,
25901,13630112,3011,2,,11115.11,
25985,13633462,3346,2,,3138.55,
26068,13627022,2702,2,,-110.74000000000001,
26142,13627352,2735,2,,2717.77,
26223,4561143213625860,2586,3,-2325.7200000000003,,
26274,13633482,3348,2,,3418.4299999999994,
26346,4561143213625690,2569,3,-9200.0,,
26373,13628773,2877,1,,,-317.71000000000004
26404,13632272,3227,2,,-817.6199999999999,
26492,13634582,3458,2,,282.91,
26567,13626702,2670,2,,2590.5499999999997,
26644,13633332,3333,2,,216.64,
26720,13634952,3495,2,,2426.99,
26802,4561143213625790,2579,3,1479.6100000000001,,
26863,13631292,3129,2,,2565.79,
26934,13628052,2805,2,,244.42000000000002,
27024,13628752,2875,2,,-1027.09,
27105,13625942,2594,2,,9794.259999999998,
27190,13625373,2537,1,,,-1482.26
27216,4561143213628290,2829,3,-2033.41,,
27252,13628682,2868,2,,-343.60999999999996,
27339,13633372,3337,2,,7313.409999999999,
27428,13631413,3141,1,,,-351.24
27456,13630982,3098,2,,2856.86,
27538,13631592,3159,2,,310.84999999999997,
27599,13630042,3004,2,,-344.76,
27643,13632662,3266,2,,2818.66,
27728,13626932,2693,2,,1938.41,
27803,13627112,2711,2,,-199.04999999999998,
27887,4561143213627700,2770,3,3625.16,,
27934,13634663,3466,1,,,-558.8500000000001
27965,13630132,3013,2,,267.08,
28047,13628442,2844,2,,918.1999999999999,
28132,4561143213628950,2895,3,-1300.0,,
28153,4561143213631230,3123,3,-1033.12,,
28183,13627172,2717,2,,63.75000000000003,
28267,4561143213632530,3253,3,-311.6099999999999,,
28316,13634813,3481,1,,,-1450.99
28345,13625052,2505,2,,113.66,
28424,13627432,2743,2,,779.76,
28493,4561143213630060,3006,3,-1628.72,,
28521,4561143213632910,3291,3,-5014.14,,
28574,4561143213624920,2492,3,-2000.0,,
28603,13627463,2746,1,,,-683.8499999999999
28634,4561143213630700,3070,3,-383.64000000000004,,
28673,13624973,2497,1,,,562.09
28708,13625552,2555,2,,-332.26,
28787,4561143213627910,2791,3,2958.31,,
28840,4561143213629280,2928,3,352.90999999999997,,
28918,13634003,3400,1,,,427.53
28966,4561143213634750,3475,3,2775.2299999999996,,
29012,13629372,2937,2,,-126.11000000000001,
29086,4561143213627710,2771,3,-72.46000000000004,,
29157,4561143213626800,2680,3,-1000.0,,
29179,4561143213630780,3078,3,1238.14,,
29227,4561143213629240,2924,3,-1000.0,,
29248,4561143213627030,2703,3,290.04999999999995,,
29302,4561143213633170,3317,3,738.4899999999999,,
29332,13632293,3229,1,,,5.889999999999986
29355,4561143213633540,3354,3,-281.07000000000016,,
29398,4561143213626110,2611,3,2343.32,,
29439,13628233,2823,1,,,-63.70999999999998
29458,13629682,2968,2,,-6.27000000000001,
29544,4561143213627220,2722,3,-1469.22,,
29578,13634052,3405,2,,-106.41999999999999,
29662,13627362,2736,2,,768.5200000000002,
29707,13627442,2744,2,,13.280000000000001,
29792,13632372,3237,2,,7428.42,
29870,13632342,3234,2,,338.21,
29951,13632422,3242,2,,-616.8499999999999,
30037,13633612,3361,2,,3628.81,
30116,13625862,2586,2,,-92.94,
30198,4561143213631420,3142,3,-1953.78,,
30247,4561143213630750,3075,3,-353.24,,
30301,4561143213628360,2836,3,-944.1,,
30337,13633032,3303,2,,2750.3500000000004,
30417,13631933,3193,1,,,-315.81000000000006
30440,13625112,2511,2,,177.39,
30519,13627092,2709,2,,2068.14,
30602,13626212,2621,2,,2543.16,
30674,13632682,3268,2,,-901.8000000000001,
30754,13634832,3483,2,,-259.11,
30839,13631652,3165,2,,2148.2999999999997,
30922,13626593,2659,1,,,259.98999999999995
30972,4561143213629800,2980,3,-404.92,,
31025,13625792,2579,2,,-330.49,
31105,13625772,2577,2,,616.6800000000001,
31185,4561143213629390,2939,3,4712.92,,
31253,4561143213629730,2973,3,-734.81,,
31299,13632653,3265,1,,,-706.97
31321,13629672,2967,2,,-101.07000000000002,
31406,13629792,2979,2,,-37.870000000000005,
31480,13625522,2552,2,,205.61,
31561,4561143213630680,3068,3,2123.15,,
31606,13625932,2593,2,,3947.5199999999995,
31690,4561143213632650,3265,3,-133.12,,
31739,13629812,2981,2,,-81.61999999999998,
31820,13628383,2838,1,,,-734.3700000000001
31864,13625423,2542,1,,,-1046.8600000000001
31888,13634382,3438,2,,-116.79999999999998,
31969,13630822,3082,2,,4728.599999999999,
32047,4561143213626130,2613,3,-751.99,,
32079,13629612,2961,2,,2128.25,
32150,13634152,3415,2,,2696.44,
32231,13629212,2921,2,,266.04,
32290,4561143213625910,2591,3,-695.0699999999999,,
32390,13627093,2709,1,,,-783.0500000000001
32423,13627592,2759,2,,428.65,
32508,13629852,2985,2,,1001.21,
32586,13629493,2949,1,,,-286.61
32619,13631382,3138,2,,87.87,
32694,13627272,2727,2,,554.8799999999999,
32775,13632672,3267,2,,476.22,
32859,13629363,2936,1,,,-45.57000000000005
32882,13627202,2720,2,,857.4200000000001,
32967,13626772,2677,2,,-275.07000000000005,
33049,13627423,2742,1,,,-720.8199999999999
33068,13634132,3413,2,,9.960000000000008,
33149,13629382,2938,2,,2259.81,
33233,13634932,3493,2,,4069.94,
33317,13626742,2674,2,,2275.04,
33401,4561143213632520,3252,3,-223.74,,
33432,13632912,3291,2,,3839.9300000000003,
33517,13627913,2791,1,,,-333.96000000000004
33554,13632832,3283,2,,103.22999999999999,
33634,13632803,3280,1,,,-1582.9099999999999
33668,4561143213632490,3249,3,-466.28999999999996,,
33733,13626663,2666,1,,,273.99999999999994
33754,4561143213634700,3470,3,-5000.0,,
33799,13631702,3170,2,,2407.79,
33877,13628232,2823,2,,410.95,
33917,13627632,2763,2,,297.47999999999996,
33986,4561143213633930,3393,3,-1000.0,,
34066,13633932,3393,2,,29.409999999999997,
34131,13632883,3288,1,,,804.9699999999999
34160,13625682,2568,2,,4052.3199999999997,
34249,13625842,2584,2,,106.51,
34331,13627912,2791,2,,1796.8400000000001,
34409,4561143213631300,3130,3,950.6400000000001,,
34480,13629783,2978,1,,,209.25
34515,13630082,3008,2,,4891.38,
34582,13629732,2973,2,,1905.22,
34661,13634903,3490,1,,,-34.24000000000024
34673,13629263,2926,1,,,-1099.06
34702,13631752,3175,2,,326.97,
34777,13632473,3247,1,,,-60.89999999999998
34815,4561143213626300,2630,3,1053.96,,
34853,13630382,3038,2,,58.82000000000005,
34922,4561143213634380,3438,3,334.62,,
34971,13633903,3390,1,,,-487.49
35004,13628642,2864,2,,-322.36,
35053,13632582,3258,2,,158.43,
35087,13629262,2926,2,,4212.639999999999,
35170,4561143213629400,2940,3,31.950000000000003,,
35192,13632552,3255,2,,241.60999999999999,
35278,4561143213626940,2694,3,-204.06999999999994,,
35335,13629412,2941,2,,318.52,
35422,4561143213625880,2588,3,-546.55,,
35471,13628582,2858,2,,190.25,
35559,13634522,3452,2,,-101.86000000000001,
35642,13629542,2954,2,,5202.5,
35723,4561143213628040,2804,3,8269.56,,
35770,13628372,2837,2,,2267.86,
35849,4561143213634030,3403,3,-1900.0,,
35861,13630312,3031,2,,-1309.96,
35940,4561143213630570,3057,3,71.96000000000004,,
35992,13628522,2852,2,,3557.14,
36084,13629782,2978,2,,6756.570000000001,
36158,13626992,2699,2,,-354.03999999999996,
36244,13627612,2761,2,,2540.67,
36303,13626983,2698,1,,,-2610.34
36336,13629972,2997,2,,7.310000000000002,
36397,13634442,3444,2,,97.12,
36475,13630712,3071,2,,2431.48,
36559,13629242,2924,2,,2593.78,
36627,4561143213631870,3187,3,-801.49,,
36657,4561143213631290,3129,3,-335.42,,
36679,4561143213627590,2759,3,484.8699999999999,,
36734,13633473,3347,1,,,281.61
36762,13630902,3090,2,,304.52,
36797,13625882,2588,2,,224.79999999999998,
36877,13625422,2542,2,,2865.66,
36914,4561143213632680,3268,3,73.47000000000003,,
36941,13633992,3399,2,,720.3700000000001,
37022,4561143213626410,2641,3,329.38,,
37049,13626492,2649,2,,104.21000000000001,
37133,13633163,3316,1,,,-311.0199999999999
37154,4561143213634820,3482,3,2562.6499999999996,,
37203,4561143213625110,2511,3,-904.93,,
37249,13632002,3200,2,,1846.95,
37328,13630463,3046,1,,,-357.30999999999995
37349,4561143213632060,3206,3,-5490.45,,
37376,4561143213634620,3462,3,-177.57000000000016,,
37412,13632333,3233,1,,,291.59
37425,4561143213625350,2535,3,204.27,,
37426,13625692,2569,2,,880.59,
37511,4561143213628940,2894,3,-339.3800000000001,,
37524,13626753,2675,1,,,-73.88999999999999
37544,13632182,3218,2,,2432.05,
37626,13626632,2663,2,,153.5,
37711,13628803,2880,1,,,-319.11999999999995
37757,13625712,2571,2,,194.74,
37825,4561143213629330,2933,3,-131.81000000000006,,
37866,13629042,2904,2,,-175.65999999999997,
37943,4561143213627660,2766,3,4979.67,,
37985,13632083,3208,1,,,-943.8199999999999
38025,4561143213626980,2698,3,-347.1399999999999,,
38058,13628242,2824,2,,859.79,
38140,13632433,3243,1,,,-449.48
38156,13631232,3123,2,,6913.27,
38231,13630863,3086,1,,,-1004.24
38252,4561143213630100,3010,3,-619.39,,
38294,4561143213625970,2597,3,496.3399999999999,,
38339,13627663,2766,1,,,-11079.849999999999
38389,13626452,2645,2,,-648.8199999999999,
38473,13626522,2652,2,,288.82,
38554,13627722,2772,2,,4117.29,
38634,13633873,3387,1,,,53.67
38669,13634503,3450,1,,,-882.58
38693,4561143213627080,2708,3,-724.36,,
38726,13632952,3295,2,,192.43999999999997,
38765,4561143213626560,2656,3,448.03,,
38815,13626532,2653,2,,-442.18999999999994,
38896,4561143213632970,3297,3,737.8800000000001,,
38938,13629323,2932,1,,,220.67999999999995
38974,13625463,2546,1,,,-870.52
38998,13632623,3262,1,,,-4107.400000000001
39029,13625922,2592,2,,579.1800000000001,
39112,13630542,3054,2,,2688.08,
39194,13630953,3095,1,,,1174.46
39220,4561143213631170,3117,3,455.4200000000001,,
39268,13625873,2587,1,,,-967.4900000000001
39299,13626412,2641,2,,1138.5600000000002,
39343,4561143213631080,3108,3,690.6499999999999,,
39376,4561143213633640,3364,3,-2.1100000000001273,,
39446,4561143213633650,3365,3,-2100.0,,
39465,13630933,3093,1,,,187.49
39490,13626373,2637,1,,,302.87
39505,4561143213624800,2480,3,1587.4,,
39534,4561143213625080,2508,3,-260.21000000000004,,
39617,13630062,3006,2,,1862.7800000000002,
39698,13629403,2940,1,,,-613.1600000000001
39724,4561143213627090,2709,3,-229.81,,
39776,13632822,3282,2,,49.72,
39852,4561143213628160,2816,3,-1817.48,,
39955,13630782,3078,2,,133.53,
40030,13629913,2991,1,,,-215.16
40053,13625512,2551,2,,-1691.25,
40120,4561143213634350,3435,3,-107.63,,
40165,4561143213631010,3101,3,-2054.32,,
40209,13633442,3344,2,,90.05999999999999,
40300,4561143213627690,2769,3,-553.09,,
40341,13626852,2685,2,,-66.57999999999998,
40419,13631952,3195,2,,-442.91999999999996,
40499,4561143213632190,3219,3,-772.53,,
40562,4561143213634670,3467,3,-306.1099999999999,,
40627,13629683,2968,1,,,285.23999999999995
40651,13626543,2654,1,,,162.06999999999994
40671,13628573,2857,1,,,462.77
40692,4561143213626070,2607,3,1054.0900000000001,,
40753,4561143213626210,2621,3,-1000.0,,
40761,13629902,2990,2,,2199.2599999999998,
40845,13628252,2825,2,,2461.29,
40918,13625243,2524,1,,,-471.4
40943,4561143213626060,2606,3,-1232.96,,
40997,4561143213627970,2797,3,11.069999999999993,,
41018,13633042,3304,2,,218.50000000000003,
41094,4561143213626020,2602,3,3165.18,,
41159,13633232,3323,2,,10922.17,
41242,4561143213629990,2999,3,984.73,,
41324,13625902,2590,2,,1729.54,
41388,13629393,2939,1,,,463.29999999999995
41425,13631932,3193,2,,170.45000000000027,
41472,13625072,2507,2,,-750.6199999999999,
41555,13631092,3109,2,,2237.23,
41637,13628362,2836,2,,212.5,
41715,13626683,2668,1,,,-1256.76
41754,4561143213634840,3484,3,458.93,,
41791,4561143213627530,2753,3,-795.54,,
41835,13627653,2765,1,,,-1210.11
41854,13627113,2711,1,,,184.73
41879,4561143213626430,2643,3,976.67,,
41899,13631993,3199,1,,,-132.94
41919,4561143213628490,2849,3,541.5899999999999,,
41989,13626933,2693,1,,,156.9
42011,4561143213634610,3461,3,-35.02999999999997,,
42080,13632492,3249,2,,-1927.19,
42161,13633352,3335,2,,101.89,
42241,4561143213634550,3455,3,-5192.98,,
42263,13633562,3356,2,,2659.88,
42344,13631452,3145,2,,18.44999999999999,
42423,13633313,3331,1,,,162.11
42450,4561143213631020,3102,3,-1000.0,,
42460,13626423,2642,1,,,89.01
42489,13632722,3272,2,,176.57999999999998,
42565,4561143213632940,3294,3,-3157.9,,
42583,4561143213629520,2952,3,2256.03,,
42623,13628772,2877,2,,-511.99,
42710,13629592,2959,2,,-3676.6099999999997,
42794,13625783,2578,1,,,-608.8399999999999
42816,13631823,3182,1,,,2382.7999999999997
42839,13634212,3421,2,,1706.1599999999999,
42916,13626752,2675,2,,783.8,
42954,13628393,2839,1,,,966.2899999999995
42998,13625573,2557,1,,,629.06
43027,4561143213629120,2912,3,-200.99,,
43059,13629282,2928,2,,132.33999999999997,
43143,13632092,3209,2,,376.69,
43227,13625802,2580,2,,346.24,
43307,4561143213634570,3457,3,-1598.2000000000003,,
43363,4561143213632590,3259,3,46.31999999999999,,
43415,13625233,2523,1,,,134.82999999999998
43439,13632093,3209,1,,,-1549.21
43464,13629312,2931,2,,4878.370000000001,
43544,4561143213632880,3288,3,-94.19000000000005,,
43591,13625202,2520,2,,246.04999999999995,
43671,4561143213628810,2881,3,50.69999999999999,,
43740,13625002,2500,2,,-587.9900000000001,
43756,13634923,3492,1,,,-163.7199999999999
43778,13631992,3199,2,,1300.3,
43814,4561143213625460,2546,3,1047.98,,
43894,13630063,3006,1,,,-3.6500000000000057
43906,13630183,3018,1,,,2406.2700000000004
43947,13634483,3448,1,,,-903.13
43983,4561143213626900,2690,3,-1113.91,,
44020,13633363,3336,1,,,115.32000000000001
44054,4561143213627430,2743,3,-3000.0,,
44108,4561143213627490,2749,3,-1608.99,,
44152,13629982,2998,2,,294.4,
44205,13633013,3301,1,,,-124.82999999999998
44236,13633423,3342,1,,,222.39000000000001
44279,4561143213631030,3103,3,1494.51,,
44309,4561143213634410,3441,3,821.8299999999999,,
44352,4561143213628200,2820,3,-220.34000000000015,,
44400,4561143213630360,3036,3,-1200.0,,
44446,4561143213629660,2966,3,1514.3000000000002,,
44517,13634033,3403,1,,,-425.10000000000014
44538,4561143213630600,3060,3,-294.27999999999975,,
44565,13627822,2782,2,,130.24,
44645,13624983,2498,1,,,-34.33999999999969
44657,13632052,3205,2,,1192.48,
44672,13627372,2737,2,,495.75,
44758,13628053,2805,1,,,-108.05000000000001
44794,13624842,2484,2,,2518.14,
44882,13634562,3456,2,,-938.35,
44931,13629903,2990,1,,,-952.17
44975,4561143213631260,3126,3,-2900.0,,
45012,13632703,3270,1,,,169.02000000000004
45054,4561143213625930,2593,3,-689.96,,
45122,13629292,2929,2,,996.96,
45202,13631852,3185,2,,1845.1999999999998,
45281,13632013,3201,1,,,25.69999999999999
45302,4561143213626240,2624,3,-767.25,,
45351,13626713,2671,1,,,70.44999999999999
45386,13630803,3080,1,,,-370.43
45405,13631072,3107,2,,227.51999999999998,
45427,13634272,3427,2,,-66.0,
45512,13631653,3165,1,,,216.59000000000003
45532,13629802,2980,2,,2660.65,
45604,13628502,2850,2,,1503.42,
45651,13626112,2611,2,,1.5,
45653,13631332,3133,2,,1668.42,
45691,13631712,3171,2,,5004.57,
45775,13625092,2509,2,,171.68,
45856,13634652,3465,2,,972.9500000000003,
45912,4561143213628060,2806,3,-1327.18,,
45979,13632532,3253,2,,3827.8599999999997,
46064,13624982,2498,2,,61.110000000000014,
46110,4561143213628500,2850,3,207.21,,
46131,4561143213633030,3303,3,-1000.0,,
46188,4561143213627630,2763,3,-160.0,,
46217,4561143213629180,2918,3,-654.5,,
46253,13634083,3408,1,,,-683.02
46282,4561143213629470,2947,3,-1000.0,,
46293,4561143213632960,3296,3,-480.69999999999993,,
46386,13628882,2888,2,,-695.8900000000003,
46464,13632302,3230,2,,2069.1400000000003,
46538,13633063,3306,1,,,-494.29999999999995
46566,13634162,3416,2,,205.56,
46651,13627182,2718,2,,-10.459999999999923,
46663,13630032,3003,2,,-24.03,
46748,4561143213631380,3138,3,-821.95,,
46796,13626382,2638,2,,125.81,
46841,13627602,2760,2,,6014.93,
46892,4561143213632100,3210,3,-889.68,,
46931,13630732,3073,2,,2678.33,
47006,4561143213628300,2830,3,552.1999999999999,,
47040,13632862,3286,2,,2472.6,
47113,13634842,3484,2,,2367.91,
47183,13630083,3008,1,,,-275.7600000000002
47195,13625713,2571,1,,,312.48000000000025
47214,13634343,3434,1,,,-2399.2
47227,4561143213633120,3312,3,-4400.0,,
47290,13628253,2825,1,,,124.44999999999999
47322,13634342,3434,2,,5321.780000000001,
47398,4561143213633230,3323,3,5206.469999999999,,
47435,13626023,2602,1,,,-1465.6000000000001
47471,13630883,3088,1,,,-995.6299999999999
47500,13625723,2572,1,,,-230.34000000000003
47529,13629172,2917,2,,402.23,
47607,13633112,3311,2,,10048.669999999998,
47687,13627203,2720,1,,,-843.9099999999999
47721,4561143213627460,2746,3,37.1099999999999,,
47778,13633083,3308,1,,,-1211.1
47801,4561143213626930,2693,3,-1000.0,,
47820,4561143213632710,3271,3,692.8699999999999,,
47864,4561143213626310,2631,3,184.86,,
47913,4561143213629030,2903,3,59.940000000000055,,
47945,13631792,3179,2,,2572.07,
48016,13626143,2614,1,,,-1394.08
48055,13626853,2685,1,,,-1400.0300000000002
48079,13633912,3391,2,,214.81,
48163,13634693,3469,1,,,354.07000000000016
48186,13630703,3070,1,,,-24.909999999999968
48198,13632142,3214,2,,4109.4,
48276,4561143213634260,3426,3,891.1200000000001,,
48313,13625683,2568,1,,,-102.03999999999996
48339,13632512,3251,2,,2054.91,
48417,13625123,2512,1,,,-1064.7399999999998
48434,13632613,3261,1,,,386.78999999999996
48466,13629702,2970,2,,-144.11000000000007,
48509,13627253,2725,1,,,1207.9199999999983
48530,13633343,3334,1,,,-219.65999999999997
48557,13634383,3438,1,,,59.14
48583,13625803,2580,1,,,305.43
48604,4561143213629970,2997,3,333.36,,
48630,13633452,3345,2,,-2032.35,
48707,4561143213625410,2541,3,-2093.96,,
48731,13632683,3268,1,,,318.55999999999995
48753,13628812,2881,2,,351.11,
48831,13634953,3495,1,,,-461.25999999999976
48864,13625292,2529,2,,-236.19999999999993,
48946,4561143213625520,2552,3,-125.75,,
49003,4561143213625710,2571,3,-312.79999999999995,,
49024,4561143213629090,2909,3,3946.1299999999997,,
49036,4561143213631970,3197,3,-512.1600000000001,,
49083,13633842,3384,2,,7375.639999999999,
49160,13632513,3251,1,,,-55.85999999999967
49199,4561143213629480,2948,3,580.05,,
49245,4561143213628520,2852,3,-76.72000000000003,,
49270,13627302,2730,2,,205.5,
49359,4561143213625480,2548,3,6896.57,,
49380,4561143213630380,3038,3,-1800.0,,
49400,13627002,2700,2,,-1764.12,
49424,13626313,2631,1,,,-7.92999999999995
49436,13629603,2960,1,,,-50.1200000000008
49467,4561143213626870,2687,3,-481.97,,
49506,4561143213628210,2821,3,967.86,,
49513,4561143213628090,2809,3,2481.47,,
49519,4561143213632800,3280,3,-671.8299999999999,,
49587,13625732,2573,2,,4246.58,
49668,4561143213634440,3444,3,-1000.0,,
49723,13629122,2912,2,,161.45000000000002,
49805,13626403,2640,1,,,-1125.54
49837,13631583,3158,1,,,-1143.74
49857,13625963,2596,1,,,285.40000000000003
49882,13630473,3047,1,,,-275.5
49897,13633772,3377,2,,2584.66,
49979,13629522,2952,2,,596.1199999999999,
50036,4561143213632070,3207,3,109.66999999999996,,
50112,4561143213627840,2784,3,-208.96000000000004,,
50152,4561143213631820,3182,3,-5100.0,,
50197,13629253,2925,1,,,-1178.1399999999999
50228,13632523,3252,1,,,-2.719999999999999
50240,4561143213627150,2715,3,-514.23,,
50292,13627773,2777,1,,,297.64000000000004
50334,13626903,2690,1,,,147.92
50351,13633273,3327,1,,,-123.38
50381,13628492,2849,2,,169.88000000000002,
50462,13632153,3215,1,,,-1765.9499999999998
50485,13634362,3436,2,,168.18,
50560,4561143213634740,3474,3,-702.74,,
50597,13631262,3126,2,,5553.51,
50672,13627613,2761,1,,,284.87999999999994
50692,13633072,3307,2,,2449.46,
50765,13631263,3126,1,,,-2187.29
50795,13625162,2516,2,,499.28999999999996,
50817,4561143213629360,2936,3,-244.47,,
50839,4561143213628250,2825,3,-31.779999999999973,,
50868,13626362,2636,2,,2657.1000000000004,
50950,4561143213625300,2530,3,-1402.77,,
50997,4561143213627140,2714,3,-282.0,,
51054,4561143213634330,3433,3,579.32,,
51069,13634573,3457,1,,,-1613.2699999999998
51089,13625572,2557,2,,1998.21,
51165,13628273,2827,1,,,254.63
51212,13626232,2623,2,,260.11,
51255,13632962,3296,2,,2503.52,
51329,13626902,2690,2,,3030.68,
51419,13630603,3060,1,,,-765.8900000000001
51438,4561143213631750,3175,3,1030.7499999999998,,
51524,13630673,3067,1,,,-4.319999999999993
51536,13632152,3215,2,,3028.1399999999994,
51558,13626133,2613,1,,,-102.33000000000001
51585,13626942,2694,2,,3899.6800000000003,
51659,13630903,3090,1,,,-2.3999999999999773
51671,4561143213633060,3306,3,-137.4,,
51709,13634002,3400,2,,-1523.92,
51792,13626252,2625,2,,-43.94999999999993,
51812,13629203,2920,1,,,-21.850000000000023
51824,13626572,2657,2,,126.68,
51898,4561143213628320,2832,3,-8500.0,,
51927,4561143213631840,3184,3,-1000.0,,
51951,13628433,2843,1,,,57.390000000000015
51973,13625653,2565,1,,,-621.48
51993,4561143213632660,3266,3,-994.65,,
52011,13626213,2621,1,,,-770.4200000000001
52031,13625982,2598,2,,6806.29,
52092,4561143213627930,2793,3,307.34999999999997,,
52118,4561143213632220,3222,3,-892.6,,
52174,4561143213634290,3429,3,1204.2299999999998,,
52185,4561143213627670,2767,3,-290.54,,
52228,4561143213625920,2592,3,1796.7200000000003,,
52255,4561143213629610,2961,3,-526.9,,
52308,13633943,3394,1,,,-31.300000000000182
52332,4561143213625840,2584,3,-1000.0,,
52363,4561143213629450,2945,3,-216.76999999999998,,
52402,4561143213633700,3370,3,-451.88,,
52441,4561143213632610,3261,3,-856.67,,
52492,13628933,2893,1,,,-685.8599999999999
52514,13628373,2837,1,,,-375.86
52537,13626333,2633,1,,,66.44
52570,13624873,2487,1,,,638.84
52585,13625012,2501,2,,354.59999999999997,
52652,13625912,2591,2,,2470.0499999999997,
52733,13633113,3311,1,,,337.05
52758,13627522,2752,2,,483.93,
52833,4561143213633210,3321,3,943.1200000000001,,
52877,13629503,2950,1,,,-886.96
52897,13631503,3150,1,,,-135.93000000000004
52941,13627023,2702,1,,,686.15
52970,4561143213628050,2805,3,-17.120000000000005,,
53009,13626172,2617,2,,184.12,
53056,4561143213633450,3345,3,-293.44000000000005,,
53099,4561143213632320,3232,3,-1000.0,,
53125,4561143213625160,2516,3,-313.58000000000004,,
53164,13633082,3308,2,,-83.34999999999945,
53177,13632843,3284,1,,,593.2300000000001
53204,13633333,3333,1,,,-1210.85
53239,13630253,3025,1,,,-2425.7200000000003
53260,4561143213625490,2549,3,18.039999999999964,,
53330,4561143213632950,3295,3,-30.090000000000032,,
53360,4561143213628350,2835,3,158.41,,
53380,13625133,2513,1,,,37.339999999999975
53406,4561143213632230,3223,3,71.25999999999999,,
53445,4561143213633130,3313,3,864.74,,
53468,13627083,2708,1,,,1185.7300000000005
53504,13633823,3382,1,,,-163.66000000000003
53527,13629553,2955,1,,,-465.49
53553,13630152,3015,2,,70.48999999999998,
53630,13632082,3208,2,,41.220000000000006,
53713,13625283,2528,1,,,-7.3799999999999955
53743,4561143213630860,3086,3,2271.0499999999997,,
53773,4561143213626490,2649,3,-812.83,,
53853,13627842,2784,2,,6355.01,
53933,4561143213627440,2744,3,-353.78,,
54005,4561143213629950,2995,3,1638.8999999999999,,
54041,13624863,2486,1,,,168.24
54066,13625662,2566,2,,17277.06,
54147,13626072,2607,2,,124.97999999999999,
54226,4561143213634210,3421,3,2013.4899999999998,,
54280,4561143213628820,2882,3,2025.4,,
54292,4561143213631850,3185,3,-1000.0,,
54307,13631643,3164,1,,,-88.86000000000001
54339,13632583,3258,1,,,-69.29999999999995
54364,4561143213630760,3076,3,6071.639999999999,,
54402,4561143213625800,2580,3,-1051.04,,
54435,4561143213633870,3387,3,-142.62,,
54465,13630433,3043,1,,,-856.6200000000001
54498,13628813,2881,1,,,240.51999999999998
54522,4561143213632110,3211,3,1611.94,,
54555,4561143213632150,3215,3,6984.009999999999,,
54592,13631782,3178,2,,334.62,
54676,4561143213626170,2617,3,-306.84,,
54689,13632003,3200,1,,,-1242.76
54718,13628583,2858,1,,,968.57
54756,13625252,2525,2,,160.92999999999998,
54836,13632713,3271,1,,,-394.88000000000005
54867,13627343,2734,1,,,-3.819999999999993
54874,4561143213628530,2853,3,-1073.95,,
54896,13626433,2643,1,,,-359.05999999999995
54912,13632642,3264,2,,176.18,
54992,13626563,2656,1,,,-246.8
55025,4561143213628680,2868,3,-308.16999999999996,,
55075,13632533,3253,1,,,-459.76
55098,4561143213632670,3267,3,-1271.39,,
55130,13632913,3291,1,,,-378.96000000000004
55155,13634553,3455,1,,,-3.0800000000000125
55168,4561143213625200,2520,3,1556.58,,
55209,4561143213628450,2845,3,3671.23,,
55222,13625903,2590,1,,,-16.49000000000001
55234,13625553,2555,1,,,150.93
55265,13630403,3040,1,,,421.83000000000004
55287,4561143213625940,2594,3,9557.0,,
55330,4561143213627820,2782,3,-919.24,,
55377,13627662,2766,2,,6906.870000000001,
55465,13629763,2976,1,,,65.20999999999998
55490,4561143213626440,2644,3,-239.49999999999997,,
55511,13630573,3057,1,,,926.6299999999999
55540,4561143213631710,3171,3,-403.29999999999995,,
55574,13633433,3343,1,,,-1403.83
55615,4561143213629860,2986,3,-1932.1,,
55636,13624893,2489,1,,,386.59000000000003
55655,13632133,3213,1,,,-4.32000000000005
55667,13633173,3317,1,,,-2.759999999999991
55679,13626583,2658,1,,,-3.5600000000000023
55691,13624803,2480,1,,,-480.88
55713,13625883,2588,1,,,242.53
55742,4561143213631470,3147,3,-57.32000000000002,,
55789,4561143213625630,2563,3,-1000.0,,
55815,13625132,2513,2,,-394.91999999999996,
55845,4561143213630590,3059,3,-1200.0,,
55873,4561143213626050,2605,3,-294.78999999999996,,
55904,13631683,3168,1,,,-1122.7199999999998
55928,13630702,3070,2,,-95.72000000000003,
55944,13625563,2556,1,,,80.00999999999993
55962,13629723,2972,1,,,-187.01000000000005
55982,13629663,2966,1,,,50.360000000000014
56005,13627823,2782,1,,,-117.28
56024,13627363,2736,1,,,-32.42000000000007
56036,4561143213630220,3022,3,-604.65,,
56069,13630103,3010,1,,,-657.05
56090,4561143213632050,3205,3,2141.79,,
56113,4561143213632270,3227,3,-588.15,,
56146,13628833,2883,1,,,552.53
56171,4561143213627200,2720,3,-1000.0,,
56209,13630373,3037,1,,,-1744.51
56233,4561143213625650,2565,3,-529.12,,
56285,4561143213633980,3398,3,-1000.0,,
56310,4561143213631120,3112,3,852.02,,
56319,4561143213632830,3283,3,-1100.0,,
56347,13628913,2891,1,,,-975.9499999999999
56366,13631803,3180,1,,,360.97
56396,4561143213631990,3199,3,2008.09,,
56417,13631473,3147,1,,,1025.63
56451,13632543,3254,1,,,-17.579999999999927
56458,4561143213632340,3234,3,-3000.0,,
56493,13629023,2902,1,,,-1369.81
56518,4561143213626720,2672,3,-226.57,,
56535,13626973,2697,1,,,1.5499999999999545
56556,13625943,2594,1,,,-4634.66
56588,4561143213632090,3209,3,-76.38000000000011,,
56617,4561143213626100,2610,3,175.27999999999997,,
56661,4561143213631070,3107,3,389.36,,
56683,13628043,2804,1,,,-5.220000000000027
56702,4561143213625980,2598,3,1781.88,,
56715,13630833,3083,1,,,-495.7999999999993
56744,13632953,3295,1,,,-91.52000000000001
56767,4561143213627420,2742,3,2524.82,,
56786,13632363,3236,1,,,-778.98
56835,13633132,3313,2,,159.67000000000002,
56916,4561143213626370,2637,3,-1200.0,,
56941,13629193,2919,1,,,-4.740000000000009
56953,4561143213626360,2636,3,38.960000000000036,,
57005,13631953,3195,1,,,-473.21
57024,4561143213627270,2727,3,3673.82,,
57049,13632012,3201,2,,417.2800000000001,
57063,4561143213633270,3327,3,-3000.0,,
57107,4561143213625280,2528,3,35.25999999999999,,
57156,13633283,3328,1,,,-1206.29
57177,4561143213631730,3173,3,-1054.06,,
57214,13633742,3374,2,,237.33,
57247,13633763,3376,1,,,-1001.3600000000001
57281,13631133,3113,1,,,-36.66000000000008
57293,13627713,2771,1,,,-2146.41
57328,13629183,2918,1,,,47.97000000000003
57350,4561143213626710,2671,3,-1100.0,,
57367,4561143213628280,2828,3,-815.65,,
57397,13632383,3238,1,,,-2.8799999999999955
57409,4561143213627350,2735,3,-3000.0,,
57435,13632903,3290,1,,,-365.0799999999999
57464,13634913,3491,1,,,187.63
57481,4561143213633950,3395,3,2342.77,,
57505,13633743,3374,1,,,-17.75
57517,13634143,3414,1,,,-419.49
57538,4561143213625620,2562,3,-9500.0,,
57563,4561143213629540,2954,3,-1226.12,,
57602,4561143213634020,3402,3,-80.58999999999992,,
57634,13634653,3465,1,,,-17.43999999999994
57646,13625703,2570,1,,,-2.609999999999985
57658,13633642,3364,2,,990.8,
57745,13627052,2705,2,,3400.9700000000003,
57827,13627032,2703,2,,3541.85,
57916,13630662,3066,2,,299.18,
57972,13627493,2749,1,,,11.099999999999994
57988,4561143213628570,2857,3,-343.89,,
58040,13628533,2853,1,,,-106.59000000000003
58061,13627353,2735,1,,,-170.92000000000002
58088,13626052,2605,2,,248.27,
58160,13630182,3018,2,,-1176.4299999999998,
58245,13631763,3176,1,,,47.22
58270,4561143213631950,3195,3,-1000.0,,
58285,4561143213634480,3448,3,-1400.0,,
58325,13632373,3237,1,,,-11.25
58337,13630922,3092,2,,133.60000000000002,
58423,13629643,2964,1,,,-0.9000000000000057
58429,13625972,2597,2,,2116.66,
58508,13631693,3169,1,,,-2.280000000000001
58520,4561143213627300,2730,3,-3000.0,,
58549,13628173,2817,1,,,-611.17
58579,4561143213628140,2814,3,-1000.0,,
58594,13634492,3449,2,,-1241.62,
58682,13628303,2830,1,,,202.2
58700,13633443,3344,1,,,-145.58999999999997
58723,13625503,2550,1,,,150.89999999999998
58744,13634543,3454,1,,,-528.96
58768,13626813,2681,1,,,-396.8399999999997
58801,13630783,3078,1,,,-468.57
58827,4561143213634920,3492,3,-2740.42,,
58854,4561143213633940,3394,3,-1000.0,,
58875,4561143213629250,2925,3,-337.34999999999997,,
58920,13634473,3447,1,,,-485.24
58943,4561143213631130,3113,3,-660.4,,
58960,4561143213629640,2964,3,-1000.0,,
58988,13629293,2929,1,,,-306.55999999999995
59020,13633843,3384,1,,,-2595.78
59042,4561143213631270,3127,3,519.8899999999999,,
59056,4561143213633480,3348,3,-1567.71,,
59114,4561143213632130,3213,3,-1046.11,,
59152,13627013,2701,1,,,-1600.24
59177,4561143213629850,2985,3,-1000.0,,
59234,4561143213624870,2487,3,-1548.23,,
59264,13626043,2604,1,,,-1.5
59301,13633613,3361,1,,,22.379999999999995
59315,13628503,2850,1,,,-1.7999999999999972
59327,13632502,3250,2,,400.18999999999994,
59413,4561143213632870,3287,3,-272.52,,
59442,13628953,2895,1,,,73.71000000000001
59468,13629853,2985,1,,,-1176.94
59500,13634262,3426,2,,1330.5900000000001,
59534,13630043,3004,1,,,-2.5200000000000102
59546,13632162,3216,2,,1256.8600000000001,
59632,13625263,2526,1,,,-593.92
59653,13627293,2729,1,,,-1.7999999999999972
59665,13627673,2767,1,,,-821.6700000000001
59690,4561143213632750,3275,3,-396.4100000000001,,
59748,4561143213630530,3053,3,-918.09,,
59765,4561143213625060,2506,3,-4216.53,,
59793,13627833,2783,1,,,-422.68000000000006
59815,13629243,2924,1,,,-156.09000000000015
59827,4561143213634080,3408,3,-934.39,,
59858,13628643,2864,1,,,-2.640000000000015
59870,4561143213625010,2501,3,3184.9900000000002,,
59882,13627132,2713,2,,367.66,
59911,13629482,2948,2,,3154.01,
59985,13627273,2727,1,,,-135.88000000000102
59997,13631342,3134,2,,163.08,
60014,4561143213629740,2974,3,530.33,,
60039,13633703,3370,1,,,-2.219999999999999
60051,13626823,2682,1,,,-3.5999999999999943
60063,4561143213630400,3040,3,-1900.0,,
60080,13632033,3203,1,,,-511.50999999999976
60119,4561143213630710,3071,3,-298.42,,
60158,4561143213632720,3272,3,-1016.12,,
60189,4561143213627210,2721,3,-1000.0,,
60213,13632652,3265,2,,2465.73,
60294,13624862,2486,2,,940.1200000000003,
60316,13625303,2530,1,,,-330.66999999999996
60340,13630153,3015,1,,,-5.760000000000048
60352,13633422,3342,2,,210.15,
60436,4561143213625420,2542,3,2149.53,,
60449,13627003,2700,1,,,-4.680000000000007
60461,13627153,2715,1,,,-84.94999999999999
60481,4561143213630560,3056,3,-517.9499999999999,,
60514,13631842,3184,2,,248.82999999999998,
60535,13629202,2920,2,,1420.0700000000002,
60575,4561143213626500,2650,3,-1000.0,,
60586,13628572,2857,2,,93.93,
60673,13630383,3038,1,,,-174.73000000000002
60703,13625023,2502,1,,,-468.86999999999995
60723,13629453,2945,1,,,-1236.3500000000001
60741,4561143213633020,3302,3,1731.39,,
60752,4561143213631280,3128,3,-140.0,,
60778,13631213,3121,1,,,-1.7999999999999972
60790,13625003,2500,1,,,-5.009999999999991
60802,13626193,2619,1,,,-33.44999999999982
60814,13631943,3194,1,,,-245.17000000000002
60825,13627853,2785,1,,,11.800000000000011
60846,13633713,3371,1,,,638.5600000000001
60874,4561143213628720,2872,3,-707.5899999999999,,
60939,13626223,2622,1,,,-4180.82
60968,13627492,2749,2,,1689.98,
61044,13628793,2879,1,,,-530.28
61066,4561143213631400,3140,3,-684.76,,
61095,13633262,3326,2,,-1995.2199999999998,
61134,13633953,3395,1,,,-2.0400000000000205
61146,13628263,2826,1,,,-286.51
61168,4561143213632000,3200,3,-254.56,,
61203,13631403,3140,1,,,-789.99
61228,4561143213633610,3361,3,387.09000000000003,,
61271,13629093,2909,1,,,-17.100000000000136
61283,13627523,2752,1,,,-9.07000000000005
61295,4561143213630080,3008,3,1890.34,,
61325,13631682,3168,2,,12372.75,
61412,4561143213633840,3384,3,4309.8,,
61465,4561143213628010,2801,3,348.57,,
61486,13625843,2584,1,,,33.13000000000011
61511,4561143213632840,3284,3,-132.9799999999999,,
61547,4561143213629300,2930,3,1013.46,,
61550,4561143213628230,2823,3,2096.1,,
61563,13626243,2624,1,,,-663.54
61588,13631733,3173,1,,,601.26
61608,13631973,3197,1,,,-246.29
61628,4561143213629260,2926,3,-53.27999999999997,,
61675,4561143213630040,3004,3,-469.05,,
61711,4561143213633080,3308,3,2296.41,,
61744,4561143213624850,2485,3,-817.62,,
61813,13630223,3022,1,,,-2.039999999999992
61825,13627403,2740,1,,,-1.0500000000000114
61832,13632943,3294,1,,,-22.549999999999955
61844,13630092,3009,2,,3439.1000000000004,
61886,4561143213631940,3194,3,2994.4,,
61900,13628943,2894,1,,,1652.98
61926,13632963,3296,1,,,-219.39000000000033
61953,13632343,3234,1,,,-778.45
61975,4561143213627360,2736,3,534.01,,
62006,13629043,2904,1,,,-3.0
62018,13626443,2644,1,,,-1.9399999999999977
62030,13626653,2665,1,,,93.38000000000011
62061,13624963,2496,1,,,-3.719999999999999
62073,4561143213629210,2921,3,2191.52,,
62094,13629863,2986,1,,,727.04
62118,4561143213634200,3420,3,-885.87,,
62155,4561143213625570,2557,3,-1000.0,,
62163,13634293,3429,1,,,-2.5200000000000102
62175,4561143213631580,3158,3,242.57,,
62187,13633483,3348,1,,,-1194.1399999999999
62231,13630643,3064,1,,,-882.06
62259,4561143213633320,3332,3,1930.9700000000003,,
62280,13633543,3354,1,,,-967.8000000000001
62316,4561143213630840,3084,3,-1700.0,,
62332,13629922,2992,2,,266.38,
62409,4561143213629600,2960,3,-2648.63,,
62446,4561143213628150,2815,3,-1000.0,,
62464,13633383,3338,1,,,-381.59999999999997
62487,13629662,2966,2,,2235.8999999999996,
62570,4561143213633280,3328,3,-538.93,,
62583,13627183,2718,1,,,-56.62000000000012
62595,13626863,2686,1,,,-15.069999999999993
62617,13632972,3297,2,,288.51,
62698,4561143213631920,3192,3,-660.28,,
62729,13628753,2875,1,,,-320.75
62747,4561143213634850,3485,3,3161.24,,
62762,13628443,2844,1,,,-1350.66
62789,4561143213631590,3159,3,949.72,,
62794,13633773,3377,1,,,-1171.15
62816,4561143213625770,2577,3,-1808.22,,
62836,13627133,2713,1,,,-6.9599999999999795
62848,13625053,2505,1,,,104.76999999999998
62880,4561143213634220,3422,3,1752.11,,
62907,13628352,2835,2,,-36.97,
62916,4561143213630370,3037,3,-1000.0,,
62926,4561143213626580,2658,3,4414.23,,
62934,4561143213630430,3043,3,-528.78,,
62995,13626802,2680,2,,-612.9300000000001,
63080,13631283,3128,1,,,-32.90000000000009
63092,13625083,2508,1,,,-133.47000000000003
63123,13625872,2587,2,,2228.63,
63202,13631873,3187,1,,,-5.0
63214,4561143213634470,3447,3,-1000.0,,
63227,4561143213629690,2969,3,-1241.5100000000002,,
63272,4561143213630870,3087,3,-908.71,,
63303,4561143213630180,3018,3,-890.5799999999999,,
63355,13628093,2809,1,,,-4.079999999999984
63367,13628873,2887,1,,,-3671.03
63389,4561143213633160,3316,3,-229.66999999999996,,
63416,13627223,2722,1,,,-3.8700000000000045
63428,13631333,3133,1,,,-908.6299999999999
63447,13631083,3108,1,,,-140.04
63468,4561143213626090,2609,3,-1224.93,,
63512,4561143213632010,3201,3,-1000.0,,
63525,13633463,3346,1,,,-4.919999999999959
63537,13634292,3429,2,,-4.439999999999998,
63549,13631453,3145,1,,,-335.28
63561,13633182,3318,2,,12.840000000000003,
63646,4561143213631350,3135,3,2892.2,,
63675,4561143213633110,3311,3,-2700.0,,
63682,4561143213627650,2765,3,-96.25999999999999,,
63749,4561143213627260,2726,3,917.5500000000001,,
63790,13628363,2836,1,,,-771.4300000000001
63828,13626442,2644,2,,-69.75,
63859,13626582,2658,2,,2634.79,
63882,13630913,3091,1,,,-34.79999999999973
63894,13630353,3035,1,,,-22.340000000000032
63906,13632833,3283,1,,,163.31
63924,4561143213626750,2675,3,-758.12,,
63953,13629033,2903,1,,,-387.4200000000001
63979,4561143213627520,2752,3,2302.14,,
63993,13628112,2811,2,,2321.16,
64080,13627962,2796,2,,-3.8100000000000023,
64092,4561143213626860,2686,3,-99.9,,
64105,13627702,2770,2,,169.60000000000002,
64194,4561143213633850,3385,3,834.47,,
64230,13629703,2970,1,,,-4.1299999999999955
64242,4561143213629050,2905,3,-178.54999999999995,,
64261,13627963,2796,1,,,-406.52
64282,13630123,3012,1,,,-7.169999999999959
64294,13631173,3117,1,,,-4.439999999999998
64306,4561143213630820,3082,3,-88.36000000000001,,
64337,4561143213630160,3016,3,-4.0,,
64405,4561143213625290,2529,3,1048.21,,
64438,13632233,3223,1,,,-117.46000000000004
64459,13633263,3326,1,,,-7.850000000000023
64472,13632282,3228,2,,148.92000000000002,
64560,4561143213625260,2526,3,2417.7000000000007,,
64572,4561143213627000,2700,3,262.38,,
64601,13632863,3286,1,,,-1171.6
64612,4561143213628080,2808,3,-1600.0,,
64619,13629303,2930,1,,,-596.02
64640,13629742,2974,2,,-570.51,
64691,13626233,2623,1,,,-0.6199999999999761
64705,4561143213627610,2761,3,780.93,,
64712,13628532,2853,2,,1773.19,
64789,13625282,2528,2,,1445.7800000000002,
64872,4561143213634710,3471,3,-3229.66,,
64921,13633822,3382,2,,1149.87,
65002,4561143213629710,2971,3,-1600.0,,
65031,13633563,3356,1,,,137.39
65060,13634933,3493,1,,,-222.43
65077,4561143213629170,2917,3,-6800.0,,
65102,13631353,3135,1,,,-6.7000000000000455
65107,13627543,2754,1,,,59.72000000000003
65127,4561143213630440,3044,3,-372.78000000000003,,
65172,13634743,3474,1,,,472.9200000000001
65193,13631423,3142,1,,,-6.009999999999991
65205,4561143213631930,3193,3,95.46000000000004,,
65242,13630973,3097,1,,,173.16
65259,4561143213631330,3133,3,1656.7,,
65260,4561143213634270,3427,3,2555.11,,
65283,13631582,3158,2,,1578.35,
65326,13625893,2589,1,,,-614.9
65355,13627933,2793,1,,,561.76
65377,13634103,3410,1,,,-26.42999999999995
65389,13634142,3414,2,,854.6200000000003,
65467,13628993,2899,1,,,-53.83999999999992
65479,13626413,2641,1,,,-1.9699999999999989
65490,4561143213630960,3096,3,388.35,,
65495,13631273,3127,1,,,-1.8000000000000114
65507,13631082,3108,2,,3.75,
65512,13633513,3351,1,,,-1.0800000000000125
65516,13627033,2703,1,,,0.02999999999974534
65548,13627422,2742,2,,84.76000000000022,
65577,13627593,2759,1,,,135.37
65612,4561143213631460,3146,3,2782.38,,
65613,13631383,3138,1,,,-1025.15
65635,4561143213629500,2950,3,-162.95,,
65647,13630813,3081,1,,,-441.73
65667,4561143213632370,3237,3,8649.37,,
65668,4561143213628770,2877,3,-15.36,,
65695,13625293,2529,1,,,-211.08000000000004
65715,13634713,3471,1,,,-1517.07
65736,13627682,2768,2,,83.0300000000002,
65760,4561143213631960,3196,3,-379.6500000000001,,
65846,4561143213628370,2837,3,-1100.0,,
65862,13625113,2511,1,,,-465.83000000000004
65897,13627462,2746,2,,136.42000000000002,
65974,13634022,3402,2,,3284.82,
66054,13628063,2806,1,,,1145.64
66089,13632522,3252,2,,193.59,
66174,13634583,3458,1,,,55.20000000000002
66202,13629523,2952,1,,,-0.8700000000000045
66205,13629333,2933,1,,,251.49
66223,4561143213627170,2717,3,-1000.0,,
66244,4561143213630880,3088,3,-550.22,,
66295,13627342,2734,2,,19.189999999999998,
66299,13625102,2510,2,,2589.67,
66382,13629933,2993,1,,,-288.02
66413,4561143213626190,2619,3,3866.7,,
66414,4561143213633530,3353,3,-1024.48,,
66479,13625253,2525,1,,,-28.810000000000002
66514,4561143213634490,3449,3,355.34000000000003,,
66561,4561143213631690,3169,3,1729.57,,
66562,4561143213633900,3390,3,-1860.67,,
66607,13627012,2701,2,,-5.950000000000017,
66640,13629502,2950,2,,0.75,
66641,13627173,2717,1,,,-2.759999999999991
66653,13629413,2941,1,,,-727.99
