acct_nbr;cust_id;acct_type;account_active;acct_start_date;acct_end_date;starting_balance;ending_balance
13628063;1362806;SV  ;Y ;10.12.1995;NULL;1430.22;284.58
4561143213627090;1362709;CC  ;Y ;15.3.1993;NULL;266.34;496.15
4561143213628360;1362836;CC  ;Y ;18.3.1992;NULL;55.90;1000.00
13633112;1363311;CK  ;Y ;6.7.1995;NULL;11017.13;968.46
4561143213633610;1363361;CC  ;Y ;17.6.1994;NULL;849.37;462.28
4561143213631020;1363102;CC  ;Y ;30.11.1995;NULL;0.00;1000.00
4561143213633270;1363327;CC  ;Y ;2.4.1995;NULL;0.00;3000.00
13628972;1362897;CK  ;Y ;1.8.1995;NULL;152.12;52.33
4561143213632370;1363237;CC  ;N ;24.1.1993;30.1.1995;8649.37;0.00
13627202;1362720;CK  ;Y ;14.11.1995;NULL;1074.16;216.74
4561143213632430;1363243;CC  ;Y ;26.6.1991;NULL;1025.87;110.03
13629452;1362945;CK  ;Y ;22.2.1992;NULL;204.67;375.14
13626413;1362641;SV  ;N ;28.11.1988;6.12.1995;139.95;141.92
13633773;1363377;SV  ;Y ;1.7.1994;NULL;610.91;1782.06
4561143213627930;1362793;CC  ;Y ;16.10.1991;NULL;714.43;407.08
13629403;1362940;SV  ;Y ;22.9.1993;NULL;165.68;778.84
4561143213627820;1362782;CC  ;Y ;2.6.1994;NULL;216.82;1136.06
4561143213631650;1363165;CC  ;Y ;10.9.1989;NULL;261.21;429.34
13625912;1362591;CK  ;Y ;23.6.1993;NULL;3390.49;920.44
4561143213632100;1363210;CC  ;Y ;26.1.1995;NULL;0.00;889.68
13628233;1362823;SV  ;Y ;8.6.1992;NULL;428.17;491.88
4561143213633950;1363395;CC  ;N ;26.1.1987;19.5.1995;3072.77;730.00
13631472;1363147;CK  ;Y ;13.12.1993;NULL;205.58;331.93
4561143213629170;1362917;CC  ;Y ;13.12.1995;NULL;0.00;6800.00
13625292;1362529;CK  ;N ;8.9.1994;17.8.1995;771.72;1007.92
4561143213627010;1362701;CC  ;Y ;8.11.1995;NULL;0.00;0.00
4561143213626220;1362622;CC  ;N ;12.4.1992;31.7.1995;2308.50;406.96
13630783;1363078;SV  ;Y ;26.8.1992;NULL;127.81;596.38
13626133;1362613;SV  ;Y ;30.12.1995;NULL;236.65;338.98
13633162;1363316;CK  ;Y ;21.2.1992;NULL;116.05;947.22
13633742;1363374;CK  ;Y ;16.5.1995;NULL;237.33;0.00
4561143213627440;1362744;CC  ;Y ;8.4.1988;NULL;328.50;682.28
13631342;1363134;CK  ;Y ;18.2.1990;NULL;163.08;0.00
13631852;1363185;CK  ;N ;2.8.1994;22.9.1995;2713.04;867.84
13630312;1363031;CK  ;Y ;3.10.1990;NULL;629.03;1938.99
13631803;1363180;SV  ;Y ;26.6.1995;NULL;766.58;405.61
13629592;1362959;CK  ;N ;7.9.1991;29.3.1995;924.76;4601.37
4561143213632800;1363280;CC  ;Y ;10.3.1993;NULL;328.17;1000.00
4561143213624870;1362487;CC  ;Y ;8.8.1995;NULL;0.00;1548.23
13627082;1362708;CK  ;Y ;4.8.1993;NULL;279.44;325.81
13632053;1363205;SV  ;N ;28.1.1994;22.12.1995;119.55;1240.58
13633393;1363339;SV  ;Y ;26.11.1994;NULL;182.39;522.48
13634712;1363471;CK  ;Y ;7.7.1995;NULL;204.13;153.91
13628302;1362830;CK  ;Y ;29.10.1992;NULL;114.07;528.25
13630362;1363036;CK  ;Y ;16.7.1995;NULL;3301.91;41.36
13625873;1362587;SV  ;Y ;31.1.1995;NULL;628.68;1596.17
13632672;1363267;CK  ;Y ;30.4.1992;NULL;1088.96;612.74
13629322;1362932;CK  ;Y ;18.4.1994;NULL;384.55;500.83
4561143213633070;1363307;CC  ;Y ;9.4.1994;NULL;2484.57;1199.30
13629243;1362924;SV  ;Y ;8.3.1994;NULL;5131.67;5287.76
13625842;1362584;CK  ;Y ;1.5.1995;NULL;119.01;12.50
13629792;1362979;CK  ;Y ;5.12.1990;NULL;254.20;292.07
13626172;1362617;CK  ;Y ;30.10.1995;NULL;237.72;53.60
13632222;1363222;CK  ;Y ;16.12.1995;NULL;189.85;839.81
4561143213629850;1362985;CC  ;Y ;6.5.1995;NULL;0.00;1000.00
13628272;1362827;CK  ;Y ;9.5.1994;NULL;2569.45;17.21
4561143213630080;1363008;CC  ;N ;25.8.1988;30.9.1995;1900.34;10.00
13633313;1363331;SV  ;Y ;6.6.1991;NULL;905.15;743.04
4561143213627420;1362742;CC  ;Y ;23.6.1994;NULL;2540.56;15.74
13628903;1362890;SV  ;N ;23.5.1990;18.1.1995;104.78;104.78
13628252;1362825;CK  ;N ;10.11.1992;25.7.1995;2767.55;306.26
13633542;1363354;CK  ;Y ;27.3.1994;NULL;1045.26;48.90
13632863;1363286;SV  ;N ;3.5.1991;25.3.1995;117.92;1289.52
13631353;1363135;SV  ;N ;29.4.1990;19.6.1995;533.67;540.37
13634223;1363422;SV  ;N ;1.12.1993;5.2.1995;423.51;14.34
13634923;1363492;SV  ;Y ;31.12.1991;NULL;952.38;1116.10
13634043;1363404;SV  ;Y ;22.2.1995;NULL;114.29;550.73
13630703;1363070;SV  ;Y ;8.10.1995;NULL;819.37;844.28
13633132;1363313;CK  ;Y ;6.12.1994;NULL;170.09;10.42
13633553;1363355;SV  ;Y ;7.3.1995;NULL;2062.29;2229.96
13625092;1362509;CK  ;Y ;5.11.1994;NULL;182.38;10.7
13629712;1362971;CK  ;Y ;6.9.1995;NULL;3365.88;185.40
13630143;1363014;SV  ;Y ;10.7.1995;NULL;171.98;174.61
13633363;1363336;SV  ;Y ;10.1.1993;NULL;241.37;126.05
4561143213626020;1362602;CC  ;Y ;21.1.1993;NULL;4826.62;1661.44
13627002;1362700;CK  ;Y ;28.5.1995;NULL;2729.91;4494.03
13633522;1363352;CK  ;Y ;11.12.1995;NULL;1290.57;851.45
13631943;1363194;SV  ;N ;25.9.1990;21.4.1995;210.50;455.67
13626373;1362637;SV  ;Y ;11.6.1991;NULL;347.66;44.79
4561143213632940;1363294;CC  ;Y ;26.12.1995;NULL;0.00;3157.90
13626433;1362643;SV  ;N ;27.2.1992;16.9.1995;135.78;494.84
13630913;1363091;SV  ;Y ;5.11.1995;NULL;2303.88;2338.68
13625122;1362512;CK  ;Y ;25.1.1993;NULL;2806.97;1295.93
13632683;1363268;SV  ;Y ;25.6.1989;NULL;498.64;180.08
4561143213627030;1362703;CC  ;Y ;11.8.1991;NULL;1237.86;947.81
4561143213634850;1363485;CC  ;Y ;5.7.1989;NULL;4161.24;1000.00
13631592;1363159;CK  ;Y ;4.1.1995;NULL;346.65;35.80
13625262;1362526;CK  ;Y ;26.6.1995;NULL;2885.72;140.01
13625012;1362501;CK  ;Y ;13.1.1987;NULL;356.40;1.80
13631452;1363145;CK  ;Y ;22.1.1995;NULL;186.89;168.44
4561143213633110;1363311;CC  ;Y ;3.12.1995;NULL;0.00;2700.00
13631403;1363140;SV  ;Y ;5.1.1995;NULL;106.46;896.45
13626852;1362685;CK  ;Y ;13.10.1993;NULL;450.20;516.78
13626872;1362687;CK  ;Y ;2.9.1989;NULL;139.66;194.38
4561143213627200;1362720;CC  ;Y ;7.8.1995;NULL;0.00;1000.00
13632163;1363216;SV  ;Y ;13.8.1995;NULL;136.52;105.54
4561143213629450;1362945;CC  ;Y ;24.5.1992;NULL;288.79;505.56
4561143213629470;1362947;CC  ;Y ;27.10.1995;NULL;0.00;1000.00
13631712;1363171;CK  ;Y ;17.6.1993;NULL;5022.25;17.68
13633462;1363346;CK  ;Y ;4.9.1994;NULL;4428.89;1290.34
13632413;1363241;SV  ;Y ;27.12.1989;NULL;273.49;1649.80
4561143213631170;1363117;CC  ;Y ;4.6.1992;NULL;1568.22;1112.80
4561143213633160;1363316;CC  ;Y ;11.8.1993;NULL;770.33;1000.00
13634562;1363456;CK  ;Y ;11.3.1995;NULL;113.11;1051.46
4561143213631850;1363185;CC  ;Y ;18.9.1995;NULL;0.00;1000.00
4561143213634470;1363447;CC  ;Y ;6.10.1995;NULL;0.00;1000.00
4561143213627080;1362708;CC  ;Y ;8.1.1992;NULL;275.64;1000.00
4561143213625780;1362578;CC  ;Y ;11.7.1993;NULL;136.14;731.20
13633333;1363333;SV  ;Y ;28.7.1993;NULL;685.35;1896.20
13630293;1363029;SV  ;Y ;16.11.1989;NULL;244.25;304.93
13628052;1362805;CK  ;Y ;3.1.1987;NULL;259.18;14.76
4561143213624850;1362485;CC  ;Y ;13.4.1992;NULL;282.38;1100.00
4561143213628300;1362830;CC  ;Y ;14.2.1994;NULL;640.41;88.21
4561143213631870;1363187;CC  ;Y ;28.5.1988;NULL;1498.51;2300.00
4561143213632220;1363222;CC  ;Y ;21.1.1992;NULL;107.40;1000.00
13629043;1362904;SV  ;Y ;16.6.1992;NULL;198.90;201.90
13632133;1363213;SV  ;Y ;29.3.1995;NULL;285.40;289.72
13632652;1363265;CK  ;Y ;15.12.1995;NULL;3270.92;805.19
13632723;1363272;SV  ;Y ;10.7.1995;NULL;165.83;711.81
13631792;1363179;CK  ;Y ;16.6.1994;NULL;2608.77;36.70
13628682;1362868;CK  ;Y ;15.2.1993;NULL;265.43;609.04
4561143213625620;1362562;CC  ;Y ;4.11.1995;NULL;0.00;9500.00
13633372;1363337;CK  ;Y ;5.3.1995;NULL;8494.05;1180.64
13632543;1363254;SV  ;N ;4.12.1993;28.8.1995;2001.91;2019.49
13634532;1363453;CK  ;Y ;30.3.1993;NULL;216.97;0.00
13625932;1362593;CK  ;Y ;22.8.1995;NULL;4116.15;168.63
13632523;1363252;SV  ;Y ;3.2.1995;NULL;179.27;181.99
13633182;1363318;CK  ;Y ;3.3.1995;NULL;102.33;89.49
4561143213633540;1363354;CC  ;Y ;18.1.1991;NULL;2718.93;3000.00
13627362;1362736;CK  ;Y ;24.6.1993;NULL;2783.01;2014.49
13633383;1363338;SV  ;Y ;22.6.1993;NULL;293.58;675.18
13627913;1362791;SV  ;Y ;24.2.1994;NULL;158.15;492.11
4561143213634590;1363459;CC  ;Y ;14.10.1995;NULL;0.00;3000.00
4561143213630570;1363057;CC  ;Y ;8.1.1992;NULL;1010.39;938.43
13628573;1362857;SV  ;Y ;20.1.1991;NULL;659.39;196.62
4561143213625910;1362591;CC  ;Y ;31.10.1994;NULL;853.50;1548.57
13632833;1363283;SV  ;Y ;18.4.1995;NULL;166.05;2.74
13625982;1362598;CK  ;N ;12.5.1992;13.3.1995;6819.83;13.54
13630382;1363038;CK  ;Y ;29.7.1995;NULL;517.85;459.03
4561143213631470;1363147;CC  ;Y ;6.11.1991;NULL;145.67;202.99
4561143213630750;1363075;CC  ;Y ;13.2.1989;NULL;43.95;397.19
13629642;1362964;CK  ;Y ;9.10.1991;NULL;2173.35;621.41
13626452;1362645;CK  ;Y ;18.6.1994;NULL;546.72;1195.54
13629023;1362902;SV  ;Y ;11.11.1990;NULL;184.90;1554.71
4561143213629710;1362971;CC  ;Y ;9.3.1995;NULL;0.00;1600.00
13627963;1362796;SV  ;Y ;15.1.1989;NULL;680.95;1087.47
13625713;1362571;SV  ;Y ;23.2.1991;NULL;2053.57;1741.09
13628112;1362811;CK  ;Y ;14.2.1995;NULL;2599.70;278.54
13630063;1363006;SV  ;Y ;20.11.1994;NULL;242.01;245.66
13627293;1362729;SV  ;Y ;21.4.1993;NULL;120.41;122.21
4561143213627000;1362700;CC  ;Y ;14.2.1990;NULL;369.78;107.40
13629732;1362973;CK  ;Y ;1.2.1995;NULL;2803.50;898.28
13632172;1363217;CK  ;N ;13.9.1994;29.12.1995;2658.69;110.53
13630123;1363012;SV  ;Y ;8.5.1995;NULL;474.60;481.77
13629782;1362978;CK  ;Y ;13.6.1994;NULL;7035.43;278.86
4561143213625290;1362529;CC  ;N ;2.2.1992;31.12.1995;1481.64;433.43
13630972;1363097;CK  ;Y ;7.11.1994;NULL;220.02;26.6
13634653;1363465;SV  ;Y ;27.4.1994;NULL;573.48;590.92
4561143213625260;1362526;CC  ;Y ;11.9.1994;NULL;4400.06;1982.36
4561143213633740;1363374;CC  ;Y ;2.11.1995;NULL;0.00;0.00
4561143213626870;1362687;CC  ;Y ;30.4.1995;NULL;0.00;481.97
4561143213632040;1363204;CC  ;Y ;12.8.1995;NULL;0.00;1200.00
4561143213627770;1362777;CC  ;Y ;9.4.1995;NULL;0.00;1868.87
13628773;1362877;SV  ;Y ;16.3.1993;NULL;311.74;629.45
13626322;1362632;CK  ;Y ;5.12.1993;NULL;6813.85;39.58
13630933;1363093;SV  ;N ;30.5.1986;10.10.1995;273.80;86.31
13629622;1362962;CK  ;Y ;14.12.1992;NULL;306.17;309.49
4561143213629590;1362959;CC  ;N ;4.8.1989;6.12.1995;3094.22;20.00
13628363;1362836;SV  ;N ;29.8.1991;10.10.1995;237.76;1009.19
13628812;1362881;CK  ;N ;17.4.1992;6.10.1995;351.11;0.00
13625032;1362503;CK  ;Y ;1.9.1994;NULL;2176.17;535.61
4561143213628950;1362895;CC  ;Y ;3.10.1995;NULL;0.00;1300.00
13629992;1362999;CK  ;Y ;2.6.1993;NULL;4089.60;3.96
13628162;1362816;CK  ;Y ;1.10.1995;NULL;4173.06;19.72
13633613;1363361;SV  ;N ;7.9.1992;4.6.1995;195.18;172.80
13627213;1362721;SV  ;Y ;25.3.1994;NULL;167.33;48.22
13633273;1363327;SV  ;Y ;2.4.1995;NULL;278.05;401.43
13625422;1362542;CK  ;Y ;25.6.1994;NULL;2865.66;0.00
13629702;1362970;CK  ;Y ;10.1.1995;NULL;411.71;555.82
13626403;1362640;SV  ;Y ;8.6.1994;NULL;573.39;1698.93
13632373;1363237;SV  ;Y ;9.8.1995;NULL;745.49;756.74
4561143213634710;1363471;CC  ;Y ;10.7.1995;NULL;0.00;3229.66
13632433;1363243;SV  ;N ;21.5.1991;6.8.1995;310.62;760.10
13628393;1362839;SV  ;Y ;1.6.1992;NULL;4386.32;3420.03
4561143213632650;1363265;CC  ;Y ;20.5.1995;NULL;0.00;133.12
4561143213630360;1363036;CC  ;Y ;6.4.1995;NULL;0.00;1200.00
13629502;1362950;CK  ;Y ;16.2.1995;NULL;163.97;163.22
13631673;1363167;SV  ;Y ;17.4.1987;NULL;1256.54;1296.40
13630903;1363090;SV  ;Y ;20.10.1995;NULL;156.33;158.73
4561143213632670;1363267;CC  ;Y ;27.1.1995;NULL;0.00;1271.39
13627933;1362793;SV  ;Y ;11.10.1994;NULL;966.32;404.56
4561143213625840;1362584;CC  ;Y ;13.9.1995;NULL;0.00;1000.00
13633663;1363366;SV  ;Y ;23.11.1995;NULL;465.29;7471.81
13625282;1362528;CK  ;Y ;13.1.1986;NULL;2533.32;1087.54
13629912;1362991;CK  ;Y ;1.6.1993;NULL;177.38;77.44
4561143213626170;1362617;CC  ;Y ;13.8.1995;NULL;0.00;306.84
13627823;1362782;SV  ;Y ;6.2.1994;NULL;150.85;268.13
13625902;1362590;CK  ;Y ;8.4.1993;NULL;2782.79;1053.25
4561143213625930;1362593;CC  ;Y ;30.5.1995;NULL;0.00;689.96
13633482;1363348;CK  ;N ;6.4.1991;6.9.1995;4663.36;1244.93
4561143213627360;1362736;CC  ;Y ;13.2.1994;NULL;862.80;328.79
13634582;1363458;CK  ;Y ;14.6.1992;NULL;285.41;2.5
13631782;1363178;CK  ;Y ;31.1.1993;NULL;383.35;48.73
13632883;1363288;SV  ;Y ;23.5.1994;NULL;1049.82;244.85
13629292;1362929;CK  ;Y ;8.1.1987;NULL;1017.61;20.65
13625563;1362556;SV  ;Y ;21.1.1989;NULL;519.43;439.42
13631582;1363158;CK  ;Y ;4.3.1994;NULL;2659.16;1080.81
13628492;1362849;CK  ;Y ;13.10.1991;NULL;173.86;3.98
13626223;1362622;SV  ;Y ;8.4.1989;NULL;9223.34;13404.16
13626243;1362624;SV  ;Y ;18.6.1993;NULL;364.47;1028.01
4561143213625980;1362598;CC  ;N ;24.6.1994;3.12.1995;1801.88;20.00
4561143213628250;1362825;CC  ;Y ;29.8.1992;NULL;968.22;1000.00
13624873;1362487;SV  ;N ;27.6.1994;25.8.1995;651.73;12.89
13628753;1362875;SV  ;Y ;7.7.1993;NULL;128.91;449.66
4561143213629640;1362964;CC  ;Y ;19.3.1995;NULL;0.00;1000.00
13633352;1363335;CK  ;Y ;11.7.1995;NULL;167.53;65.64
13629212;1362921;CK  ;Y ;15.6.1992;NULL;266.04;0.00
13634622;1363462;CK  ;Y ;22.10.1991;NULL;2504.19;2421.03
4561143213628110;1362811;CC  ;Y ;3.4.1994;NULL;109.23;1000.00
13628553;1362855;SV  ;Y ;21.3.1995;NULL;167.71;161.04
4561143213629730;1362973;CC  ;Y ;1.2.1995;NULL;0.00;734.81
13627093;1362709;SV  ;Y ;8.9.1995;NULL;134.28;917.33
13633922;1363392;CK  ;Y ;21.12.1993;NULL;2723.71;87.69
4561143213633130;1363313;CC  ;Y ;2.12.1993;NULL;875.86;11.12
13625733;1362573;SV  ;Y ;17.6.1990;NULL;10712.86;10399.11
13631642;1363164;CK  ;Y ;17.4.1988;NULL;315.15;312.13
13627302;1362730;CK  ;N ;15.12.1993;8.11.1995;224.60;19.1
4561143213625090;1362509;CC  ;N ;11.9.1993;3.6.1995;877.49;10.00
13633073;1363307;SV  ;N ;30.12.1994;9.7.1995;304.25;265.35
13631732;1363173;CK  ;Y ;7.8.1995;NULL;139.57;138.38
4561143213628810;1362881;CC  ;Y ;31.8.1991;NULL;490.96;440.26
4561143213633520;1363352;CC  ;Y ;14.3.1994;NULL;700.99;906.54
13631992;1363199;CK  ;N ;2.3.1994;29.11.1995;2548.35;1248.05
13625202;1362520;CK  ;Y ;6.2.1995;NULL;579.16;333.11
13629853;1362985;SV  ;Y ;22.1.1995;NULL;790.76;1967.70
13632152;1363215;CK  ;Y ;21.8.1988;NULL;7673.23;4645.09
13627612;1362761;CK  ;Y ;3.1.1993;NULL;2548.88;8.21
13631653;1363165;SV  ;Y ;26.10.1990;NULL;273.67;57.08
13629262;1362926;CK  ;Y ;11.7.1994;NULL;4216.03;3.39
13632103;1363210;SV  ;Y ;4.8.1995;NULL;112.25;52.26
4561143213628160;1362816;CC  ;Y ;9.9.1991;NULL;1182.52;3000.00
4561143213633830;1363383;CC  ;Y ;7.7.1992;NULL;1069.93;0.00
13630083;1363008;SV  ;Y ;29.12.1992;NULL;9066.08;9341.84
13634702;1363470;CK  ;Y ;11.6.1989;NULL;4068.99;1790.37
13627423;1362742;SV  ;Y ;19.9.1992;NULL;123.32;844.14
13633953;1363395;SV  ;Y ;26.1.1987;NULL;134.14;136.18
13631702;1363170;CK  ;Y ;13.1.1993;NULL;2737.15;329.36
4561143213625120;1362512;CC  ;Y ;25.1.1993;NULL;565.56;1880.46
13627272;1362727;CK  ;Y ;21.4.1994;NULL;946.93;392.05
13630952;1363095;CK  ;Y ;20.10.1995;NULL;1242.77;187.99
4561143213625420;1362542;CC  ;N ;31.3.1989;25.12.1995;2169.53;20.00
13627013;1362701;SV  ;Y ;3.6.1995;NULL;204.92;1805.16
13624842;1362484;CK  ;Y ;2.1.1993;NULL;2613.46;95.32
4561143213631590;1363159;CC  ;N ;5.1.1994;21.7.1995;959.72;10.00
13631912;1363191;CK  ;N ;17.11.1993;12.11.1995;294.95;343.52
13634502;1363450;CK  ;Y ;3.7.1995;NULL;223.78;210.73
4561143213625280;1362528;CC  ;Y ;13.1.1986;NULL;575.35;540.09
13627443;1362744;SV  ;Y ;2.8.1987;NULL;127.54;1797.22
13625572;1362557;CK  ;Y ;8.9.1995;NULL;2145.27;147.06
4561143213625010;1362501;CC  ;Y ;3.11.1993;NULL;3232.19;47.20
4561143213633480;1363348;CC  ;Y ;18.2.1991;NULL;232.29;1800.00
13630662;1363066;CK  ;N ;27.2.1994;13.3.1995;319.01;19.83
4561143213632870;1363287;CC  ;Y ;28.9.1992;NULL;719.04;991.56
13632803;1363280;SV  ;Y ;25.6.1993;NULL;123.96;1706.87
4561143213634580;1363458;CC  ;Y ;27.1.1994;NULL;23.73;596.63
4561143213626850;1362685;CC  ;Y ;12.5.1995;NULL;0.00;1208.10
13631962;1363196;CK  ;Y ;24.6.1993;NULL;456.54;521.66
4561143213627750;1362775;CC  ;Y ;24.5.1992;NULL;466.06;629.25
13628372;1362837;CK  ;Y ;24.9.1995;NULL;2798.78;530.92
13625082;1362508;CK  ;Y ;1.10.1989;NULL;2646.20;75.11
13628432;1362843;CK  ;Y ;17.4.1994;NULL;3748.74;3907.34
4561143213631710;1363171;CC  ;Y ;23.8.1987;NULL;1396.70;1800.00
13626642;1362664;CK  ;Y ;4.10.1991;NULL;4140.94;2683.65
13632472;1363247;CK  ;Y ;16.1.1992;NULL;236.39;458.81
13626023;1362602;SV  ;Y ;29.1.1995;NULL;1269.70;2735.30
4561143213625060;1362506;CC  ;Y ;13.6.1995;NULL;0.00;4216.53
13628102;1362810;CK  ;Y ;25.12.1993;NULL;2730.32;344.33
13633242;1363324;CK  ;Y ;25.8.1994;NULL;4010.41;2325.37
4561143213628490;1362849;CC  ;Y ;24.5.1994;NULL;1057.28;515.69
13634292;1363429;CK  ;Y ;30.9.1994;NULL;295.27;299.71
13631292;1363129;CK  ;Y ;11.8.1995;NULL;2654.13;88.34
13632342;1363234;CK  ;Y ;21.12.1989;NULL;369.40;31.19
13628383;1362838;SV  ;Y ;18.12.1994;NULL;279.57;1013.94
13628522;1362852;CK  ;N ;3.6.1994;16.5.1995;3616.64;59.50
13629122;1362912;CK  ;Y ;13.3.1994;NULL;174.15;12.70
13626043;1362604;SV  ;Y ;26.6.1995;NULL;232.26;233.76
4561143213633350;1363335;CC  ;Y ;12.7.1994;NULL;134.18;806.94
4561143213628050;1362805;CC  ;Y ;3.1.1987;NULL;282.88;300.00
13626653;1362665;SV  ;Y ;5.10.1992;NULL;2237.75;2144.37
13634142;1363414;CK  ;Y ;8.4.1993;NULL;3292.84;2438.22
4561143213634620;1363462;CC  ;Y ;22.10.1991;NULL;2822.43;3000.00
13634212;1363421;CK  ;Y ;19.9.1988;NULL;2624.85;918.69
13627033;1362703;SV  ;Y ;10.4.1992;NULL;7144.42;7144.39
4561143213628680;1362868;CC  ;Y ;23.9.1994;NULL;691.83;1000.00
13633113;1363311;SV  ;Y ;7.3.1995;NULL;636.72;299.67
13632943;1363294;SV  ;Y ;6.6.1994;NULL;741.25;763.80
13634932;1363493;CK  ;Y ;20.5.1994;NULL;6123.84;2053.90
13634842;1363484;CK  ;Y ;24.3.1995;NULL;2600.97;233.06
4561143213631640;1363164;CC  ;Y ;5.11.1988;NULL;476.61;1200.00
13625002;1362500;CK  ;Y ;4.12.1995;NULL;882.15;1470.14
4561143213633940;1363394;CC  ;Y ;9.6.1995;NULL;0.00;1000.00
4561143213630380;1363038;CC  ;Y ;6.8.1995;NULL;0.00;1800.00
13630112;1363011;CK  ;Y ;4.2.1990;NULL;12730.29;1615.18
13634853;1363485;SV  ;Y ;13.11.1995;NULL;155.40;157.76
13627203;1362720;SV  ;Y ;18.10.1993;NULL;653.94;1497.85
13628882;1362888;CK  ;Y ;4.1.1995;NULL;3443.99;4139.88
4561143213631730;1363173;CC  ;Y ;9.7.1994;NULL;345.94;1400.00
13634262;1363426;CK  ;Y ;5.12.1995;NULL;4898.05;3567.46
13629453;1362945;SV  ;N ;16.9.1991;4.7.1995;568.54;1804.89
4561143213626450;1362645;CC  ;N ;29.9.1994;10.9.1995;2071.70;20.00
4561143213625200;1362520;CC  ;N ;5.12.1993;24.12.1995;1576.58;20.00
13625772;1362577;CK  ;Y ;26.4.1995;NULL;964.33;347.65
4561143213632150;1363215;CC  ;Y ;9.3.1994;NULL;9073.46;2089.45
13631173;1363117;SV  ;Y ;25.12.1989;NULL;292.92;297.36
4561143213626710;1362671;CC  ;Y ;13.10.1995;NULL;0.00;1100.00
4561143213632170;1363217;CC  ;Y ;26.10.1994;NULL;571.04;944.16
4561143213634700;1363470;CC  ;Y ;7.6.1995;NULL;0.00;5000.00
4561143213629780;1362978;CC  ;Y ;13.6.1994;NULL;2834.53;2103.69
13631842;1363184;CK  ;Y ;1.10.1995;NULL;323.70;74.87
13634473;1363447;SV  ;Y ;15.6.1995;NULL;185.85;671.09
13632512;1363251;CK  ;Y ;24.7.1991;NULL;2511.83;456.92
13625783;1362578;SV  ;Y ;11.7.1993;NULL;253.59;862.43
13630812;1363081;CK  ;Y ;5.3.1995;NULL;344.74;423.81
13627662;1362766;CK  ;Y ;14.9.1995;NULL;11266.70;4359.83
13633163;1363316;SV  ;Y ;14.4.1995;NULL;318.04;629.06
4561143213630970;1363097;CC  ;Y ;3.4.1991;NULL;872.15;1100.00
13627083;1362708;SV  ;Y ;13.5.1991;NULL;5006.85;3821.12
13631873;1363187;SV  ;Y ;21.5.1992;NULL;330.70;335.70
13626582;1362658;CK  ;Y ;21.2.1991;NULL;6151.91;3517.12
13634343;1363434;SV  ;N ;27.6.1991;2.1.1995;328.82;2728.02
13629982;1362998;CK  ;Y ;13.2.1993;NULL;298.78;4.38
13633042;1363304;CK  ;Y ;30.11.1994;NULL;269.41;50.91
4561143213625080;1362508;CC  ;Y ;1.10.1989;NULL;811.96;1072.17
4561143213629620;1362962;CC  ;Y ;27.11.1993;NULL;44.95;609.74
13628303;1362830;SV  ;Y ;14.1.1992;NULL;237.88;35.68
13625623;1362562;SV  ;Y ;23.6.1995;NULL;391.96;3864.77
4561143213632470;1363247;CC  ;Y ;14.8.1991;NULL;105.30;3000.00
13633893;1363389;SV  ;Y ;25.5.1992;NULL;719.95;177.40
13629323;1362932;SV  ;Y ;1.3.1994;NULL;744.52;523.84
13626532;1362653;CK  ;Y ;19.12.1992;NULL;580.96;1023.15
13633022;1363302;CK  ;Y ;14.4.1993;NULL;5499.36;4023.58
13629932;1362993;CK  ;Y ;26.5.1995;NULL;2744.10;3227.45
13626622;1362662;CK  ;Y ;2.12.1991;NULL;2651.09;139.01
13625312;1362531;CK  ;Y ;5.4.1994;NULL;5717.74;2290.23
4561143213634290;1363429;CC  ;N ;1.6.1990;3.1.1995;2943.97;1739.74
4561143213629990;1362999;CC  ;Y ;9.8.1993;NULL;1973.27;988.54
13628273;1362827;SV  ;Y ;3.2.1993;NULL;560.98;306.35
13627252;1362725;CK  ;Y ;2.9.1994;NULL;3853.98;47.34
4561143213632340;1363234;CC  ;Y ;20.11.1995;NULL;0.00;3000.00
13634442;1363444;CK  ;Y ;23.1.1994;NULL;165.34;68.22
4561143213628520;1362852;CC  ;Y ;28.10.1993;NULL;1623.28;1700.00
13632712;1363271;CK  ;Y ;25.4.1994;NULL;2725.91;876.19
13624982;1362498;CK  ;Y ;12.2.1995;NULL;233.77;172.66
13625703;1362570;SV  ;Y ;31.10.1995;NULL;171.55;174.16
13633652;1363365;CK  ;Y ;24.3.1993;NULL;5578.71;901.25
13634453;1363445;SV  ;Y ;24.6.1987;NULL;742.28;552.01
13631092;1363109;CK  ;Y ;11.10.1993;NULL;2278.58;41.35
4561143213629500;1362950;CC  ;Y ;10.6.1995;NULL;0.00;162.95
13633543;1363354;SV  ;Y ;28.7.1995;NULL;148.91;1116.71
13625552;1362555;CK  ;N ;28.4.1991;5.10.1995;474.47;806.73
13627632;1362763;CK  ;Y ;23.6.1995;NULL;300.20;2.72
13625503;1362550;SV  ;Y ;27.3.1995;NULL;638.67;487.77
13630542;1363054;CK  ;Y ;7.4.1992;NULL;2738.75;50.67
13630573;1363057;SV  ;Y ;16.8.1992;NULL;2311.66;1385.03
4561143213634140;1363414;CC  ;Y ;29.8.1992;NULL;268.21;202.13
4561143213629910;1362991;CC  ;Y ;24.11.1988;NULL;643.20;1343.81
13631122;1363112;CK  ;Y ;8.7.1994;NULL;2759.11;1085.16
13631262;1363126;CK  ;Y ;15.7.1995;NULL;8095.47;2541.96
13634422;1363442;CK  ;Y ;15.6.1990;NULL;787.03;90.63
4561143213624990;1362499;CC  ;Y ;15.3.1990;NULL;1046.30;1900.00
4561143213634210;1363421;CC  ;Y ;19.9.1988;NULL;2828.16;814.67
13628352;1362835;CK  ;Y ;22.9.1995;NULL;239.71;276.68
13627003;1362700;SV  ;Y ;22.2.1994;NULL;311.20;315.88
13631473;1363147;SV  ;Y ;13.11.1987;NULL;2178.01;1152.38
13629902;1362990;CK  ;N ;3.3.1994;3.3.1995;2824.68;625.42
4561143213626560;1362656;CC  ;Y ;23.9.1993;NULL;893.25;445.22
4561143213634840;1363484;CC  ;Y ;19.1.1994;NULL;867.01;408.08
13625963;1362596;SV  ;Y ;16.7.1995;NULL;544.45;259.05
13634282;1363428;CK  ;N ;1.12.1993;25.9.1995;1145.06;274.96
4561143213627970;1362797;CC  ;Y ;11.5.1994;NULL;111.07;100.00
13627112;1362711;CK  ;Y ;9.8.1995;NULL;100.28;299.33
4561143213628720;1362872;CC  ;Y ;21.4.1992;NULL;292.41;1000.00
4561143213628880;1362888;CC  ;Y ;2.1.1994;NULL;11394.66;6454.87
4561143213629290;1362929;CC  ;Y ;30.6.1995;NULL;0.00;4200.00
13625263;1362526;SV  ;Y ;15.3.1994;NULL;551.82;1145.74
4561143213631580;1363158;CC  ;Y ;15.9.1991;NULL;364.24;121.67
13631453;1363145;SV  ;N ;11.1.1994;8.5.1995;109.29;444.57
13625293;1362529;SV  ;Y ;15.11.1992;NULL;662.06;873.14
4561143213634260;1363426;CC  ;Y ;3.11.1991;NULL;1808.40;917.28
13633743;1363374;SV  ;Y ;10.8.1995;NULL;583.39;601.14
13626873;1362687;SV  ;Y ;14.7.1994;NULL;566.77;1111.42
4561143213628830;1362883;CC  ;Y ;23.7.1995;NULL;0.00;983.06
13628242;1362824;CK  ;Y ;19.4.1993;NULL;863.73;3.94
13628953;1362895;SV  ;Y ;27.6.1995;NULL;169.96;96.25
13627773;1362777;SV  ;Y ;14.2.1995;NULL;327.10;29.46
13626992;1362699;CK  ;Y ;21.5.1995;NULL;246.47;600.51
13627812;1362781;CK  ;Y ;26.8.1995;NULL;420.27;269.82
13630602;1363060;CK  ;Y ;2.6.1991;NULL;6770.70;370.85
13633463;1363346;SV  ;Y ;27.2.1992;NULL;327.16;332.08
4561143213627690;1362769;CC  ;Y ;6.5.1995;NULL;0.00;553.09
4561143213625770;1362577;CC  ;Y ;6.4.1995;NULL;0.00;1808.22
4561143213629210;1362921;CC  ;Y ;23.5.1994;NULL;2273.20;81.68
13630462;1363046;CK  ;Y ;3.4.1994;NULL;4107.57;520.05
13626702;1362670;CK  ;N ;22.3.1990;25.7.1995;2697.49;106.94
4561143213627660;1362766;CC  ;N ;24.6.1990;5.12.1995;4999.67;20.00
4561143213633920;1363392;CC  ;Y ;19.12.1993;NULL;834.77;1000.00
13634032;1363403;CK  ;Y ;26.7.1993;NULL;4787.32;366.58
13634713;1363471;SV  ;Y ;22.3.1995;NULL;259.96;1777.03
13632642;1363264;CK  ;N ;24.3.1994;28.7.1995;191.90;15.72
13627052;1362705;CK  ;Y ;16.2.1995;NULL;3482.11;81.14
4561143213634090;1363409;CC  ;Y ;1.9.1993;NULL;977.54;160.42
13629282;1362928;CK  ;Y ;15.1.1995;NULL;136.14;3.80
13630132;1363013;CK  ;Y ;23.5.1995;NULL;281.62;14.54
4561143213627300;1362730;CC  ;Y ;1.9.1995;NULL;0.00;3000.00
13631232;1363123;CK  ;Y ;11.3.1995;NULL;7610.01;696.74
13632673;1363267;SV  ;Y ;22.12.1995;NULL;840.79;1699.39
13626212;1362621;CK  ;Y ;21.4.1995;NULL;2664.89;121.73
13631932;1363193;CK  ;Y ;1.2.1993;NULL;4219.43;4048.98
13634202;1363420;CK  ;Y ;24.3.1993;NULL;2825.63;278.98
13625843;1362584;SV  ;Y ;1.6.1994;NULL;2032.50;1999.37
13632653;1363265;SV  ;Y ;7.7.1995;NULL;193.55;900.52
13626173;1362617;SV  ;Y ;18.5.1995;NULL;135.98;138.02
4561143213626530;1362653;CC  ;Y ;25.9.1995;NULL;0.00;1188.57
4561143213631990;1363199;CC  ;Y ;2.3.1994;NULL;2135.18;127.09
4561143213632590;1363259;CC  ;Y ;11.3.1988;NULL;380.61;334.29
4561143213627610;1362761;CC  ;Y ;21.3.1994;NULL;780.93;0.00
4561143213625310;1362531;CC  ;Y ;26.6.1994;NULL;2016.11;2200.00
4561143213629260;1362926;CC  ;Y ;1.9.1994;NULL;946.72;1000.00
4561143213627250;1362725;CC  ;Y ;27.2.1995;NULL;0.00;1939.63
13629763;1362976;SV  ;Y ;3.11.1986;NULL;203.20;137.99
13627542;1362754;CK  ;Y ;11.1.1990;NULL;2611.38;68.84
4561143213631700;1363170;CC  ;Y ;19.2.1994;NULL;1047.17;904.09
4561143213634440;1363444;CC  ;Y ;19.3.1995;NULL;0.00;1000.00
4561143213627270;1362727;CC  ;N ;16.5.1994;14.7.1995;3673.82;0.00
4561143213632710;1363271;CC  ;Y ;25.4.1994;NULL;1872.82;1179.95
13627682;1362768;CK  ;Y ;26.5.1995;NULL;2512.80;2429.77
4561143213630680;1363068;CC  ;N ;19.11.1991;1.11.1995;2143.15;20.00
4561143213624840;1362484;CC  ;Y ;2.1.1993;NULL;1278.78;369.72
13627363;1362736;SV  ;Y ;2.6.1994;NULL;2147.68;2180.10
13628253;1362825;SV  ;Y ;18.5.1994;NULL;175.22;50.77
13633872;1363387;CK  ;Y ;18.9.1990;NULL;176.97;959.60
4561143213625570;1362557;CC  ;Y ;10.11.1995;NULL;0.00;1000.00
4561143213630160;1363016;CC  ;Y ;12.9.1991;NULL;1219.77;1223.77
4561143213629090;1362909;CC  ;Y ;14.10.1994;NULL;4000.22;54.09
13632582;1363258;CK  ;N ;15.12.1994;21.4.1995;170.57;12.14
4561143213632320;1363232;CC  ;Y ;19.8.1995;NULL;0.00;1000.00
13630882;1363088;CK  ;Y ;21.1.1991;NULL;180.12;769.47
13625093;1362509;SV  ;N ;17.5.1993;7.8.1995;147.84;337.82
4561143213631260;1363126;CC  ;Y ;5.2.1995;NULL;0.00;2900.00
4561143213631960;1363196;CC  ;Y ;24.9.1993;NULL;1420.35;1800.00
13625972;1362597;CK  ;Y ;4.2.1991;NULL;2533.42;416.76
4561143213628370;1362837;CC  ;Y ;26.6.1995;NULL;0.00;1100.00
4561143213628350;1362835;CC  ;Y ;23.5.1988;NULL;167.92;9.51
4561143213626640;1362664;CC  ;Y ;25.6.1995;NULL;0.00;1052.38
13626092;1362609;CK  ;N ;14.6.1994;29.9.1995;2563.27;15.38
13629202;1362920;CK  ;Y ;10.2.1995;NULL;2717.13;1297.06
13629643;1362964;SV  ;N ;3.6.1987;13.7.1995;118.49;119.39
4561143213628100;1362810;CC  ;Y ;25.12.1993;NULL;2485.28;332.95
13627462;1362746;CK  ;Y ;23.8.1995;NULL;149.31;12.89
13633523;1363352;SV  ;Y ;24.8.1992;NULL;2039.40;2950.23
13629733;1362973;SV  ;Y ;1.2.1995;NULL;2273.92;2570.30
4561143213631290;1363129;CC  ;Y ;21.4.1995;NULL;0.00;335.42
13625692;1362569;CK  ;Y ;6.4.1995;NULL;927.07;46.48
4561143213629120;1362912;CC  ;Y ;13.11.1992;NULL;1299.01;1500.00
4561143213628940;1362894;CC  ;N ;6.3.1994;8.1.1995;1500.62;1840.00
13625123;1362512;SV  ;N ;25.1.1993;9.5.1995;129.62;1194.36
13631032;1363103;CK  ;Y ;15.2.1995;NULL;601.02;29.87
13632532;1363253;CK  ;Y ;12.6.1991;NULL;5019.19;1191.33
13625302;1362530;CK  ;Y ;25.4.1995;NULL;5316.47;17.30
13630832;1363083;CK  ;Y ;12.2.1992;NULL;286.52;2325.47
13628813;1362881;SV  ;Y ;11.9.1995;NULL;302.02;61.50
4561143213634930;1363493;CC  ;Y ;10.7.1995;NULL;0.00;0.00
4561143213626990;1362699;CC  ;Y ;18.5.1992;NULL;151.63;677.69
13627602;1362760;CK  ;Y ;24.1.1992;NULL;6021.08;6.15
13627132;1362713;CK  ;Y ;4.11.1995;NULL;389.87;22.21
13627492;1362749;CK  ;Y ;8.3.1993;NULL;2608.15;918.17
4561143213630600;1363060;CC  ;Y ;14.10.1993;NULL;1898.67;2192.95
13633172;1363317;CK  ;Y ;16.5.1991;NULL;280.79;269.76
13625423;1362542;SV  ;Y ;27.10.1995;NULL;607.88;1654.74
13626853;1362685;SV  ;Y ;9.6.1994;NULL;335.36;1735.39
13632502;1363250;CK  ;N ;21.9.1991;3.8.1995;657.67;257.48
4561143213630110;1363011;CC  ;N ;15.3.1990;16.12.1995;3488.29;20.00
4561143213627050;1362705;CC  ;Y ;1.2.1995;NULL;0.00;413.11
4561143213634820;1363482;CC  ;N ;24.7.1989;23.8.1995;2917.91;355.26
4561143213629280;1362928;CC  ;Y ;2.8.1994;NULL;949.02;596.11
13631422;1363142;CK  ;Y ;29.4.1995;NULL;571.75;11.3
13626062;1362606;CK  ;Y ;10.10.1995;NULL;5103.77;1319.97
13634082;1363408;CK  ;N ;12.1.1990;22.3.1995;195.62;30.85
4561143213631930;1363193;CC  ;Y ;10.12.1993;NULL;1537.46;1442.00
13630182;1363018;CK  ;Y ;21.3.1995;NULL;602.18;1778.61
13632912;1363291;CK  ;Y ;10.10.1995;NULL;4361.14;521.21
4561143213631840;1363184;CC  ;Y ;6.10.1995;NULL;0.00;1000.00
13625283;1362528;SV  ;Y ;13.1.1986;NULL;262.55;269.93
13631282;1363128;CK  ;Y ;13.10.1992;NULL;4142.57;3422.66
13625903;1362590;SV  ;Y ;11.8.1993;NULL;541.95;558.44
4561143213630810;1363081;CC  ;N ;17.1.1989;8.7.1995;1692.71;84.59
4561143213631820;1363182;CC  ;Y ;25.4.1995;NULL;0.00;5100.00
13628222;1362822;CK  ;Y ;18.9.1994;NULL;4115.99;2156.30
13633483;1363348;SV  ;Y ;24.8.1993;NULL;434.62;1628.76
13628042;1362804;CK  ;Y ;9.11.1987;NULL;8953.35;1315.00
13634583;1363458;SV  ;Y ;6.1.1992;NULL;215.86;160.66
4561143213626580;1362658;CC  ;Y ;21.2.1991;NULL;4414.23;0.00
13626982;1362698;CK  ;Y ;17.7.1993;NULL;6322.89;175.55
13631763;1363176;SV  ;Y ;29.11.1994;NULL;175.29;128.07
13630482;1363048;CK  ;Y ;20.9.1995;NULL;403.50;274.93
13628053;1362805;SV  ;Y ;3.1.1987;NULL;124.10;232.15
13633342;1363334;CK  ;Y ;30.4.1993;NULL;150.98;0.22
4561143213630860;1363086;CC  ;Y ;18.2.1994;NULL;2401.95;130.90
13632962;1363296;CK  ;Y ;28.6.1991;NULL;2505.07;1.55
13632622;1363262;CK  ;N ;28.7.1992;17.1.1995;436.88;244.53
13634623;1363462;SV  ;Y ;22.10.1991;NULL;299.07;2034.99
13625233;1362523;SV  ;Y ;26.6.1992;NULL;262.21;127.38
4561143213629030;1362903;CC  ;Y ;15.12.1992;NULL;1559.94;1500.00
4561143213633020;1363302;CC  ;N ;9.2.1994;26.4.1995;1731.39;0.00
13626593;1362659;SV  ;Y ;23.5.1995;NULL;575.93;315.94
13633373;1363337;SV  ;Y ;12.6.1994;NULL;531.48;7766.05
13632142;1363214;CK  ;Y ;19.4.1991;NULL;4244.28;134.88
13633433;1363343;SV  ;Y ;14.3.1995;NULL;603.82;2007.65
13631643;1363164;SV  ;Y ;30.3.1994;NULL;169.19;258.05
4561143213633650;1363365;CC  ;Y ;29.8.1995;NULL;0.00;2100.00
13633943;1363394;SV  ;Y ;12.6.1987;NULL;2238.98;2270.28
13626932;1362693;CK  ;Y ;24.3.1995;NULL;2597.86;659.45
4561143213629200;1362920;CC  ;Y ;13.12.1995;NULL;0.00;0.00
13634002;1363400;CK  ;Y ;17.8.1993;NULL;300.87;1824.79
13629752;1362975;CK  ;N ;10.1.1994;16.3.1995;258.05;282.92
13630372;1363037;CK  ;Y ;15.11.1992;NULL;2581.35;182.95
13631733;1363173;SV  ;N ;15.11.1987;5.12.1995;984.06;382.80
13630432;1363043;CK  ;Y ;18.7.1994;NULL;4418.22;701.33
13632153;1363215;SV  ;Y ;17.10.1995;NULL;924.00;2689.95
13626442;1362644;CK  ;Y ;5.6.1991;NULL;312.72;382.47
13626713;1362671;SV  ;Y ;26.5.1995;NULL;153.64;83.19
13626822;1362682;CK  ;Y ;18.7.1994;NULL;4024.65;345.89
4561143213632530;1363253;CC  ;Y ;7.3.1993;NULL;1688.39;2000.00
13630102;1363010;CK  ;Y ;9.9.1992;NULL;149.83;1574.39
4561143213630830;1363083;CC  ;Y ;7.3.1995;NULL;0.00;969.94
4561143213627630;1362763;CC  ;Y ;21.6.1995;NULL;0.00;160.00
13630953;1363095;SV  ;Y ;19.2.1995;NULL;2042.54;868.08
13627722;1362772;CK  ;Y ;27.8.1994;NULL;4135.59;18.30
13634503;1363450;SV  ;Y ;11.3.1994;NULL;136.04;1018.62
4561143213630540;1363054;CC  ;Y ;8.12.1994;NULL;875.70;917.30
13626902;1362690;CK  ;Y ;25.12.1994;NULL;3313.60;282.92
13630383;1363038;SV  ;Y ;20.2.1995;NULL;333.53;508.26
13634362;1363436;CK  ;Y ;22.1.1995;NULL;387.11;218.93
13632702;1363270;CK  ;Y ;26.5.1994;NULL;214.69;15.66
13634913;1363491;SV  ;N ;22.10.1990;19.4.1995;205.45;17.82
4561143213631120;1363112;CC  ;Y ;1.4.1991;NULL;852.02;0.00
13625072;1362507;CK  ;Y ;10.2.1995;NULL;337.22;1087.84
13627522;1362752;CK  ;Y ;8.1.1994;NULL;487.69;3.76
4561143213627490;1362749;CC  ;Y ;8.3.1993;NULL;1391.01;3000.00
13627832;1362783;CK  ;N ;10.7.1988;3.6.1995;235.27;916.17
4561143213633170;1363317;CC  ;Y ;15.4.1989;NULL;1046.09;307.60
4561143213626500;1362650;CC  ;Y ;28.11.1995;NULL;0.00;1000.00
4561143213631420;1363142;CC  ;Y ;7.3.1995;NULL;0.00;1953.78
4561143213629900;1362990;CC  ;Y ;3.3.1994;NULL;758.95;1426.93
13625083;1362508;SV  ;Y ;1.10.1989;NULL;121.64;255.11
4561143213631010;1363101;CC  ;Y ;16.6.1995;NULL;0.00;2054.32
4561143213634080;1363408;CC  ;Y ;12.1.1990;NULL;865.61;1800.00
13629783;1362978;SV  ;Y ;13.6.1994;NULL;238.16;28.91
4561143213630180;1363018;CC  ;Y ;26.2.1994;NULL;1409.42;2300.00
13625952;1362595;CK  ;Y ;28.10.1993;NULL;4087.37;117.93
13632473;1363247;SV  ;Y ;20.7.1992;NULL;278.43;339.33
13630973;1363097;SV  ;Y ;26.3.1995;NULL;183.44;10.28
4561143213631280;1363128;CC  ;Y ;1.3.1995;NULL;0.00;140.00
13634572;1363457;CK  ;Y ;23.4.1988;NULL;12169.88;1252.71
13631572;1363157;CK  ;Y ;23.12.1995;NULL;9749.29;117.49
13631082;1363108;CK  ;Y ;30.8.1992;NULL;272.54;268.79
4561143213628220;1362822;CC  ;Y ;18.11.1995;NULL;0.00;1000.00
13625662;1362566;CK  ;N ;5.6.1992;18.3.1995;17315.16;38.10
4561143213628040;1362804;CC  ;Y ;9.11.1987;NULL;8951.90;682.34
13629392;1362939;CK  ;Y ;15.7.1995;NULL;687.00;1703.20
13634293;1363429;SV  ;Y ;24.9.1990;NULL;169.38;171.90
13627182;1362718;CK  ;Y ;1.4.1995;NULL;692.10;702.56
13632343;1363234;SV  ;Y ;14.5.1988;NULL;139.94;918.39
4561143213628240;1362824;CC  ;Y ;23.9.1993;NULL;10593.21;959.72
13632092;1363209;CK  ;N ;3.2.1986;11.11.1995;462.90;86.21
13628603;1362860;SV  ;Y ;9.5.1994;NULL;2235.91;2100.68
13634143;1363414;SV  ;Y ;23.9.1992;NULL;991.56;1411.05
13626232;1362623;CK  ;N ;18.10.1993;17.1.1995;276.29;16.18
13625632;1362563;CK  ;N ;1.5.1992;15.5.1995;1025.99;490.56
13630352;1363035;CK  ;Y ;10.9.1995;NULL;157.50;253.21
13626202;1362620;CK  ;Y ;30.3.1994;NULL;4233.57;243.04
13629312;1362931;CK  ;Y ;23.9.1993;NULL;5591.93;713.56
13634213;1363421;SV  ;Y ;19.9.1988;NULL;191.77;197.64
4561143213634030;1363403;CC  ;Y ;8.11.1995;NULL;0.00;1900.00
13627352;1362735;CK  ;Y ;13.8.1995;NULL;2802.42;84.65
4561143213632640;1363264;CC  ;Y ;24.3.1994;NULL;51.69;1000.00
13630922;1363092;CK  ;Y ;6.2.1995;NULL;171.80;38.20
4561143213630130;1363013;CC  ;Y ;26.10.1994;NULL;844.10;1000.00
13633712;1363371;CK  ;Y ;30.5.1991;NULL;2788.06;54.50
4561143213631230;1363123;CC  ;Y ;25.2.1994;NULL;1766.88;2800.00
13632012;1363201;CK  ;Y ;23.4.1995;NULL;1194.44;777.16
13625252;1362525;CK  ;Y ;28.3.1992;NULL;256.46;95.53
13625003;1362500;SV  ;Y ;8.12.1995;NULL;330.98;335.99
13629703;1362970;SV  ;Y ;8.7.1995;NULL;273.94;278.07
4561143213626930;1362693;CC  ;Y ;25.6.1995;NULL;0.00;1000.00
13626422;1362642;CK  ;Y ;17.8.1994;NULL;131.46;112.61
4561143213634000;1363400;CC  ;Y ;21.7.1994;NULL;3293.54;2186.72
4561143213626210;1362621;CC  ;Y ;21.11.1995;NULL;0.00;1000.00
4561143213630370;1363037;CC  ;Y ;12.11.1995;NULL;0.00;1000.00
4561143213634200;1363420;CC  ;Y ;11.9.1993;NULL;125.33;1011.20
4561143213630430;1363043;CC  ;Y ;4.10.1994;NULL;471.22;1000.00
13634752;1363475;CK  ;Y ;27.4.1993;NULL;403.91;136.95
4561143213626440;1362644;CC  ;Y ;6.7.1991;NULL;224.15;463.65
13632842;1363284;CK  ;Y ;25.3.1994;NULL;420.57;946.08
4561143213630100;1363010;CC  ;Y ;9.9.1992;NULL;29.12;648.51
13629503;1362950;SV  ;Y ;21.12.1995;NULL;658.26;1545.22
13625112;1362511;CK  ;Y ;18.11.1993;NULL;189.23;11.84
13629362;1362936;CK  ;Y ;3.11.1994;NULL;173.72;109.31
4561143213633850;1363385;CC  ;Y ;15.3.1988;NULL;834.47;0.00
13631002;1363100;CK  ;Y ;12.12.1993;NULL;2554.44;39.16
4561143213627520;1362752;CC  ;N ;9.10.1994;2.4.1995;2302.14;0.00
13633452;1363345;CK  ;Y ;11.7.1994;NULL;312.71;2345.06
13627402;1362740;CK  ;Y ;15.8.1995;NULL;1237.41;562.27
13629913;1362991;SV  ;Y ;16.12.1991;NULL;154.65;369.81
13627663;1362766;SV  ;Y ;29.11.1990;NULL;11352.93;22432.78
13627372;1362737;CK  ;Y ;2.4.1994;NULL;690.88;195.13
4561143213634570;1363457;CC  ;Y ;23.4.1988;NULL;3028.68;4626.88
13627432;1362743;CK  ;Y ;11.4.1995;NULL;2516.33;1736.57
13625162;1362516;CK  ;Y ;25.10.1995;NULL;3791.17;3291.88
4561143213627540;1362754;CC  ;Y ;11.1.1990;NULL;74.35;0.00
4561143213631080;1363108;CC  ;Y ;30.6.1994;NULL;1149.32;458.67
13626563;1362656;SV  ;Y ;11.7.1993;NULL;121.00;367.80
4561143213625660;1362566;CC  ;N ;8.2.1993;19.12.1995;4801.23;20.00
4561143213633870;1363387;CC  ;Y ;18.9.1990;NULL;857.38;1000.00
13632982;1363298;CK  ;N ;17.9.1993;23.12.1995;7460.23;170.04
13629293;1362929;SV  ;Y ;8.5.1995;NULL;1229.27;1535.83
4561143213629390;1362939;CC  ;Y ;14.1.1994;NULL;5484.95;772.03
13631583;1363158;SV  ;Y ;6.7.1995;NULL;773.98;1917.72
4561143213627180;1362718;CC  ;Y ;17.12.1994;NULL;1928.33;78.80
4561143213630880;1363088;CC  ;Y ;21.1.1991;NULL;189.64;739.86
13634332;1363433;CK  ;Y ;8.6.1993;NULL;2529.78;1155.25
4561143213625970;1362597;CC  ;Y ;1.10.1993;NULL;939.06;442.72
13630222;1363022;CK  ;Y ;12.8.1994;NULL;312.18;1184.76
13628833;1362883;SV  ;Y ;3.2.1994;NULL;702.27;149.74
13625862;1362586;CK  ;Y ;21.10.1995;NULL;167.76;260.70
4561143213626090;1362609;CC  ;Y ;20.7.1992;NULL;1775.07;3000.00
13628152;1362815;CK  ;Y ;4.3.1994;NULL;2778.26;816.60
13630253;1363025;SV  ;N ;30.8.1990;4.3.1995;711.18;3136.90
4561143213630350;1363035;CC  ;Y ;19.8.1995;NULL;0.00;0.00
4561143213627460;1362746;CC  ;Y ;29.5.1992;NULL;1037.11;1000.00
13628803;1362880;SV  ;Y ;1.11.1992;NULL;232.19;551.31
13624963;1362496;SV  ;Y ;7.12.1994;NULL;247.34;251.06
13629933;1362993;SV  ;Y ;6.3.1995;NULL;147.68;435.70
13632122;1363212;CK  ;Y ;13.3.1993;NULL;201.12;16.9
13629823;1362982;SV  ;Y ;14.11.1989;NULL;2167.79;3313.65
4561143213625690;1362569;CC  ;Y ;6.12.1995;NULL;0.00;9200.00
13627253;1362725;SV  ;Y ;30.1.1995;NULL;17303.42;16095.50
13628172;1362817;CK  ;Y ;18.11.1994;NULL;218.20;219.60
13629382;1362938;CK  ;N ;19.11.1994;11.9.1995;2677.70;417.89
13633923;1363392;SV  ;Y ;8.11.1993;NULL;109.05;241.59
13630672;1363067;CK  ;Y ;26.9.1994;NULL;238.18;0.00
4561143213631030;1363103;CC  ;N ;4.10.1992;18.7.1995;2007.57;513.06
4561143213625250;1362525;CC  ;Y ;20.4.1992;NULL;2901.68;1051.01
13625052;1362505;CK  ;Y ;11.3.1994;NULL;125.36;11.70
4561143213626420;1362642;CC  ;Y ;11.5.1993;NULL;771.16;1000.00
4561143213625300;1362530;CC  ;Y ;17.8.1993;NULL;597.23;2000.00
13632713;1363271;SV  ;Y ;25.4.1994;NULL;284.06;678.94
13631993;1363199;SV  ;Y ;2.3.1994;NULL;118.45;251.39
4561143213634750;1363475;CC  ;Y ;7.8.1993;NULL;3502.43;727.20
13632822;1363282;CK  ;Y ;5.3.1988;NULL;133.90;84.18
13628483;1362848;SV  ;Y ;7.8.1990;NULL;5265.17;4844.42
13628872;1362887;CK  ;Y ;22.3.1993;NULL;1385.16;2427.18
4561143213632840;1363284;CC  ;Y ;21.7.1990;NULL;832.94;965.92
13627613;1362761;SV  ;Y ;28.3.1994;NULL;775.55;490.67
13632282;1363228;CK  ;Y ;10.4.1995;NULL;355.61;206.69
13629263;1362926;SV  ;Y ;3.11.1990;NULL;131.22;1230.28
4561143213629360;1362936;CC  ;Y ;25.1.1995;NULL;0.00;244.47
13631752;1363175;CK  ;Y ;26.3.1994;NULL;340.48;13.51
4561143213633450;1363345;CC  ;Y ;28.8.1994;NULL;2406.56;2700.00
13627273;1362727;SV  ;Y ;16.4.1995;NULL;8996.64;9132.52
13625553;1362555;SV  ;Y ;14.5.1993;NULL;411.52;260.59
13631503;1363150;SV  ;Y ;9.9.1991;NULL;234.29;370.22
4561143213627370;1362737;CC  ;Y ;9.10.1995;NULL;0.00;6600.00
13625682;1362568;CK  ;Y ;26.9.1995;NULL;4273.62;221.30
4561143213627430;1362743;CC  ;Y ;9.10.1995;NULL;0.00;3000.00
4561143213626060;1362606;CC  ;Y ;5.5.1995;NULL;0.00;1232.96
13629972;1362997;CK  ;Y ;28.11.1993;NULL;229.36;222.05
13624843;1362484;SV  ;Y ;2.1.1993;NULL;194.76;2122.17
13631263;1363126;SV  ;Y ;1.5.1995;NULL;951.62;3138.91
4561143213632910;1363291;CC  ;Y ;4.6.1995;NULL;0.00;5014.14
13632763;1363276;SV  ;Y ;26.3.1995;NULL;812.36;2037.38
13633562;1363356;CK  ;Y ;24.12.1995;NULL;2670.21;10.33
13628353;1362835;SV  ;Y ;31.3.1989;NULL;2030.24;2060.90
13625573;1362557;SV  ;Y ;9.10.1995;NULL;697.92;68.86
13625462;1362546;CK  ;Y ;19.2.1990;NULL;2657.17;84.83
4561143213626980;1362698;CC  ;Y ;27.11.1993;NULL;2152.86;2500.00
13628943;1362894;SV  ;Y ;3.2.1990;NULL;2013.26;360.28
13629332;1362933;CK  ;Y ;6.10.1991;NULL;119.13;215.13
13630022;1363002;CK  ;Y ;9.9.1991;NULL;391.16;1137.89
13629093;1362909;SV  ;Y ;30.5.1993;NULL;1132.28;1149.38
13633532;1363353;CK  ;Y ;23.6.1989;NULL;4993.96;13.96
13628373;1362837;SV  ;Y ;13.6.1995;NULL;169.90;545.76
13627222;1362722;CK  ;Y ;21.7.1995;NULL;6217.18;696.51
4561143213632960;1363296;CC  ;Y ;28.6.1991;NULL;520.97;1001.67
13630603;1363060;SV  ;Y ;3.11.1990;NULL;675.99;1441.88
13628433;1362843;SV  ;Y ;2.8.1986;NULL;282.11;224.72
13629612;1362961;CK  ;N ;31.5.1994;3.3.1995;2541.98;413.73
13632232;1363223;CK  ;Y ;13.6.1992;NULL;4997.67;1839.28
13625132;1362513;CK  ;Y ;26.11.1995;NULL;266.76;661.68
13628103;1362810;SV  ;Y ;25.12.1993;NULL;183.59;731.50
13626752;1362675;CK  ;Y ;29.5.1992;NULL;2793.52;2009.72
13630042;1363004;CK  ;Y ;20.9.1992;NULL;299.35;644.11
4561143213632120;1363212;CC  ;Y ;6.4.1990;NULL;1885.71;3000.00
4561143213632290;1363229;CC  ;Y ;11.6.1993;NULL;989.45;1143.13
4561143213628170;1362817;CC  ;Y ;11.2.1987;NULL;206.66;1000.00
13634933;1363493;SV  ;N ;8.6.1993;19.7.1995;331.18;553.61
13627053;1362705;SV  ;Y ;2.12.1995;NULL;221.12;1415.16
13630113;1363011;SV  ;Y ;20.10.1990;NULL;1470.91;1387.58
13631933;1363193;SV  ;Y ;19.10.1992;NULL;282.76;598.57
13634823;1363482;SV  ;Y ;24.7.1989;NULL;121.85;486.40
13634952;1363495;CK  ;Y ;27.9.1995;NULL;2605.49;178.50
13632422;1363242;CK  ;N ;18.2.1994;7.5.1995;319.66;936.51
13634903;1363490;SV  ;Y ;27.11.1994;NULL;2267.29;2301.53
13631213;1363121;SV  ;Y ;8.4.1992;NULL;120.94;122.74
4561143213632820;1363282;CC  ;Y ;12.1.1988;NULL;46.42;272.69
4561143213629750;1362975;CC  ;Y ;27.1.1989;NULL;556.10;525.50
13631823;1363182;SV  ;Y ;28.11.1995;NULL;3136.49;753.69
13634382;1363438;CK  ;Y ;16.5.1995;NULL;138.08;254.88
13632082;1363208;CK  ;Y ;16.5.1995;NULL;100.59;59.37
13626772;1362677;CK  ;Y ;10.2.1994;NULL;110.59;385.66
13631382;1363138;CK  ;Y ;17.2.1993;NULL;103.39;15.52
13632513;1363251;SV  ;Y ;11.9.1994;NULL;5003.60;5059.46
4561143213631750;1363175;CC  ;Y ;30.11.1994;NULL;2179.20;1148.45
13630813;1363081;SV  ;Y ;6.8.1994;NULL;323.49;765.22
13627672;1362767;CK  ;Y ;21.2.1993;NULL;235.40;193.12
4561143213634550;1363455;CC  ;Y ;19.11.1995;NULL;0.00;5192.98
13628322;1362832;CK  ;Y ;11.10.1995;NULL;838.43;49.08
4561143213626900;1362690;CC  ;Y ;18.10.1994;NULL;86.09;1200.00
4561143213625680;1362568;CC  ;Y ;3.2.1995;NULL;0.00;0.00
13626572;1362657;CK  ;Y ;7.6.1989;NULL;148.78;22.1
4561143213633560;1363356;CC  ;Y ;11.3.1991;NULL;482.15;1000.00
4561143213630400;1363040;CC  ;Y ;2.6.1995;NULL;0.00;1900.00
13631972;1363197;CK  ;Y ;10.10.1993;NULL;2696.67;158.09
13626583;1362658;SV  ;Y ;21.2.1991;NULL;235.06;238.62
13625882;1362588;CK  ;Y ;12.9.1992;NULL;230.67;5.87
13630863;1363086;SV  ;Y ;12.3.1994;NULL;192.71;1196.95
13629033;1362903;SV  ;Y ;2.10.1995;NULL;3317.38;3704.80
13633642;1363364;CK  ;Y ;13.3.1995;NULL;1287.08;296.28
4561143213629330;1362933;CC  ;Y ;2.2.1990;NULL;767.27;899.08
13634692;1363469;CK  ;Y ;3.11.1995;NULL;112.95;220.22
13631692;1363169;CK  ;N ;18.3.1994;26.11.1995;169.00;0.00
4561143213633320;1363332;CC  ;N ;7.10.1992;26.12.1995;2770.40;839.43
13629203;1362920;SV  ;Y ;4.11.1995;NULL;718.13;739.98
13632032;1363203;CK  ;Y ;25.5.1994;NULL;1033.81;997.70
4561143213632230;1363223;CC  ;Y ;13.6.1992;NULL;657.55;586.29
13631332;1363133;CK  ;N ;20.10.1989;27.12.1995;2736.94;1068.52
4561143213630040;1363004;CC  ;Y ;15.4.1993;NULL;36.38;505.43
13624983;1362498;SV  ;Y ;15.9.1995;NULL;2273.51;2307.85
13627022;1362702;CK  ;Y ;30.8.1993;NULL;318.20;428.94
13626312;1362631;CK  ;Y ;17.6.1991;NULL;4478.55;0.00
13632533;1363253;SV  ;N ;9.4.1992;1.11.1995;1241.42;1701.18
4561143213632090;1363209;CC  ;Y ;3.2.1986;NULL;1523.62;1600.00
13632002;1363200;CK  ;Y ;10.4.1992;NULL;2801.98;955.03
4561143213625630;1362563;CC  ;Y ;7.8.1995;NULL;0.00;1000.00
13630833;1363083;SV  ;Y ;12.2.1992;NULL;5830.18;6325.98
13634612;1363461;CK  ;Y ;4.3.1995;NULL;3144.44;1223.94
13631302;1363130;CK  ;Y ;7.11.1993;NULL;243.61;130.75
13625722;1362572;CK  ;Y ;16.6.1994;NULL;244.50;1.97
13627493;1362749;SV  ;N ;8.3.1993;17.9.1995;147.15;136.05
13634272;1363427;CK  ;Y ;11.2.1991;NULL;743.67;809.67
13633173;1363317;SV  ;Y ;26.12.1988;NULL;183.77;186.53
4561143213627350;1362735;CC  ;Y ;21.12.1995;NULL;0.00;3000.00
13631612;1363161;CK  ;Y ;18.2.1995;NULL;2655.35;39.09
13625522;1362552;CK  ;Y ;24.11.1992;NULL;213.03;7.42
13631423;1363142;SV  ;Y ;15.3.1995;NULL;398.62;404.63
13629952;1362995;CK  ;Y ;22.9.1995;NULL;381.90;2007.33
13630172;1363017;CK  ;Y ;19.3.1994;NULL;2694.91;147.15
13626503;1362650;SV  ;Y ;5.4.1995;NULL;155.66;149.20
13634083;1363408;SV  ;Y ;12.1.1990;NULL;373.08;1056.10
13626362;1362636;CK  ;Y ;9.11.1994;NULL;2676.30;19.2
4561143213634380;1363438;CC  ;Y ;16.7.1994;NULL;1018.92;684.30
13629903;1362990;SV  ;Y ;3.3.1994;NULL;160.90;1113.07
13630183;1363018;SV  ;Y ;28.10.1994;NULL;11793.93;9387.66
13631013;1363101;SV  ;Y ;9.12.1995;NULL;5929.02;6015.58
13631283;1363128;SV  ;Y ;27.4.1994;NULL;2178.79;2211.69
4561143213632010;1363201;CC  ;Y ;22.11.1995;NULL;0.00;1000.00
13625802;1362580;CK  ;Y ;1.12.1992;NULL;376.21;29.97
13629662;1362966;CK  ;Y ;6.1.1994;NULL;2299.22;63.32
13628223;1362822;SV  ;Y ;13.11.1994;NULL;160.93;523.43
13627113;1362711;SV  ;Y ;12.3.1992;NULL;223.60;38.87
13630872;1363087;CK  ;Y ;29.9.1993;NULL;320.68;30.86
4561143213625110;1362511;CC  ;Y ;23.4.1995;NULL;0.00;904.93
4561143213626570;1362657;CC  ;Y ;15.3.1995;NULL;0.00;0.00
4561143213632060;1363206;CC  ;Y ;13.11.1995;NULL;0.00;5490.45
13628043;1362804;SV  ;Y ;9.11.1987;NULL;445.15;450.37
13627813;1362781;SV  ;Y ;20.7.1995;NULL;961.57;2797.34
13626332;1362633;CK  ;N ;16.7.1992;30.9.1995;4224.91;234.20
13630463;1363046;SV  ;Y ;12.5.1995;NULL;204.24;561.55
13625482;1362548;CK  ;Y ;11.11.1986;NULL;6004.34;569.65
4561143213627400;1362740;CC  ;Y ;29.5.1994;NULL;1563.83;1121.88
13629632;1362963;CK  ;Y ;23.11.1991;NULL;325.98;127.65
4561143213625160;1362516;CC  ;Y ;7.5.1994;NULL;117.14;430.72
13632623;1363262;SV  ;Y ;15.7.1994;NULL;1919.95;6027.35
13634033;1363403;SV  ;Y ;28.10.1995;NULL;1165.12;1590.22
4561143213633640;1363364;CC  ;N ;23.11.1989;23.7.1995;1783.86;1785.97
4561143213634330;1363433;CC  ;Y ;3.4.1991;NULL;579.32;0.00
4561143213631330;1363133;CC  ;Y ;20.10.1989;NULL;1656.70;0.00
13632643;1363264;SV  ;Y ;24.3.1994;NULL;2095.37;369.44
13634052;1363405;CK  ;Y ;27.2.1995;NULL;238.10;344.52
4561143213630220;1363022;CC  ;Y ;1.2.1995;NULL;0.00;604.65
13626933;1362693;SV  ;Y ;6.2.1995;NULL;167.24;10.34
13626143;1362614;SV  ;Y ;16.11.1995;NULL;140.65;1534.73
4561143213626310;1362631;CC  ;Y ;17.6.1991;NULL;759.86;575.00
4561143213625860;1362586;CC  ;Y ;28.1.1992;NULL;1374.28;3700.00
13634003;1363400;SV  ;Y ;22.8.1993;NULL;565.38;137.85
4561143213628150;1362815;CC  ;Y ;27.10.1995;NULL;0.00;1000.00
13630373;1363037;SV  ;Y ;1.4.1992;NULL;310.41;2054.92
13633992;1363399;CK  ;Y ;20.11.1995;NULL;1268.66;548.29
13630433;1363043;SV  ;Y ;31.12.1994;NULL;522.81;1379.43
13626213;1362621;SV  ;Y ;1.3.1994;NULL;727.98;1498.40
13626443;1362644;SV  ;Y ;10.6.1995;NULL;130.48;132.42
13628512;1362851;CK  ;Y ;25.8.1994;NULL;7059.92;635.97
13626823;1362682;SV  ;Y ;1.4.1995;NULL;240.19;243.79
13627652;1362765;CK  ;Y ;25.10.1994;NULL;2615.72;820.66
13630103;1363010;SV  ;Y ;9.9.1992;NULL;226.58;883.63
4561143213625740;1362574;CC  ;Y ;30.5.1995;NULL;0.00;1300.00
13629112;1362911;CK  ;Y ;26.5.1992;NULL;225.66;43.24
13627543;1362754;SV  ;Y ;11.1.1990;NULL;300.47;240.75
13632752;1363275;CK  ;Y ;2.3.1994;NULL;229.67;46.55
13633912;1363391;CK  ;Y ;10.2.1995;NULL;232.72;17.91
13632703;1363270;SV  ;Y ;17.12.1995;NULL;549.07;380.05
4561143213629380;1362938;CC  ;Y ;24.6.1994;NULL;1402.32;436.98
4561143213634610;1363461;CC  ;Y ;19.9.1993;NULL;1575.67;1610.70
13625102;1362510;CK  ;Y ;15.5.1993;NULL;2812.23;222.56
4561143213625720;1362572;CC  ;Y ;30.8.1993;NULL;379.26;369.97
4561143213625490;1362549;CC  ;Y ;31.7.1994;NULL;1018.04;1000.00
13633853;1363385;SV  ;Y ;20.7.1995;NULL;504.61;1720.35
13633873;1363387;SV  ;Y ;18.9.1990;NULL;164.19;110.52
13625942;1362594;CK  ;Y ;29.4.1995;NULL;14213.05;4418.79
13631952;1363195;CK  ;Y ;4.7.1993;NULL;136.24;579.16
13627523;1362752;SV  ;Y ;20.2.1995;NULL;600.26;609.33
4561143213629970;1362997;CC  ;Y ;17.10.1994;NULL;753.36;420.00
4561143213634270;1363427;CC  ;N ;10.6.1990;22.12.1995;2575.11;20.00
13632583;1363258;SV  ;Y ;18.10.1994;NULL;776.38;845.68
13627833;1362783;SV  ;Y ;6.6.1987;NULL;276.90;699.58
13630883;1363088;SV  ;Y ;21.1.1991;NULL;430.47;1426.10
13629812;1362981;CK  ;Y ;4.9.1995;NULL;178.41;260.03
4561143213625410;1362541;CC  ;Y ;10.3.1995;NULL;0.00;2093.96
4561143213629950;1362995;CC  ;N ;7.3.1994;26.12.1995;1660.56;21.66
13626093;1362609;SV  ;Y ;22.6.1995;NULL;758.41;49.39
4561143213626360;1362636;CC  ;Y ;30.8.1987;NULL;1038.96;1000.00
4561143213629690;1362969;CC  ;Y ;14.8.1992;NULL;2558.49;3800.00
13634812;1363481;CK  ;Y ;19.10.1993;NULL;202.56;25.94
13627463;1362746;SV  ;Y ;30.12.1995;NULL;2263.07;2946.92
13631072;1363107;CK  ;N ;17.12.1994;10.2.1995;256.32;28.8
13633142;1363314;CK  ;Y ;4.5.1993;NULL;2076.11;266.68
4561143213629660;1362966;CC  ;Y ;3.10.1994;NULL;3100.57;1586.27
4561143213625460;1362546;CC  ;Y ;19.2.1990;NULL;2340.61;1292.63
13634573;1363457;SV  ;Y ;23.4.1988;NULL;1415.45;3028.72
4561143213630020;1363002;CC  ;Y ;8.12.1993;NULL;1827.21;2684.46
13625402;1362540;CK  ;Y ;30.6.1995;NULL;10618.86;1515.35
13633212;1363321;CK  ;Y ;13.12.1994;NULL;209.65;2748.89
13631083;1363108;SV  ;Y ;22.7.1993;NULL;220.08;360.12
13629052;1362905;CK  ;Y ;2.11.1995;NULL;2711.63;10.18
13627172;1362717;CK  ;Y ;28.3.1995;NULL;311.91;248.16
4561143213629300;1362930;CC  ;Y ;28.7.1993;NULL;1013.46;0.00
13628642;1362864;CK  ;Y ;21.5.1995;NULL;156.93;479.29
13625303;1362530;SV  ;Y ;13.12.1991;NULL;569.85;900.52
13629393;1362939;SV  ;Y ;18.1.1993;NULL;1637.19;1173.89
13633842;1363384;CK  ;Y ;7.1.1990;NULL;7388.44;12.8
13627183;1362718;SV  ;Y ;29.12.1994;NULL;1861.61;1918.23
13630152;1363015;CK  ;Y ;19.2.1995;NULL;278.52;208.03
13629862;1362986;CK  ;Y ;9.11.1995;NULL;5870.86;4690.94
4561143213633530;1363353;CC  ;Y ;23.6.1989;NULL;479.66;1504.14
13626233;1362623;SV  ;Y ;26.3.1995;NULL;139.52;140.14
4561143213628450;1362845;CC  ;N ;29.12.1993;14.12.1995;3691.23;20.00
13628532;1362853;CK  ;Y ;13.9.1995;NULL;3648.96;1875.77
4561143213627220;1362722;CC  ;Y ;19.1.1995;NULL;0.00;1469.22
13630353;1363035;SV  ;Y ;13.1.1995;NULL;734.38;756.72
13627133;1362713;SV  ;Y ;4.9.1995;NULL;461.24;468.20
13629742;1362974;CK  ;Y ;30.6.1995;NULL;383.02;953.53
4561143213629610;1362961;CC  ;Y ;18.7.1994;NULL;473.10;1000.00
13634742;1363474;CK  ;Y ;17.12.1993;NULL;2681.98;30.89
13626382;1362638;CK  ;Y ;18.1.1995;NULL;125.81;0.00
13633932;1363393;CK  ;Y ;10.6.1994;NULL;203.46;174.05
4561143213626750;1362675;CC  ;Y ;17.11.1993;NULL;153.26;911.38
4561143213629250;1362925;CC  ;Y ;20.4.1993;NULL;264.68;602.03
13633262;1363326;CK  ;Y ;18.7.1995;NULL;949.92;2945.14
13629542;1362954;CK  ;Y ;16.12.1995;NULL;5504.29;301.79
13632552;1363255;CK  ;Y ;10.5.1995;NULL;262.07;20.46
13634492;1363449;CK  ;Y ;17.8.1995;NULL;331.36;1572.98
13629682;1362968;CK  ;Y ;17.8.1990;NULL;197.54;203.81
13625253;1362525;SV  ;Y ;17.10.1990;NULL;284.65;313.46
13632362;1363236;CK  ;Y ;4.10.1993;NULL;2977.65;52.80
4561143213633990;1363399;CC  ;Y ;13.8.1994;NULL;428.31;0.00
13630803;1363080;SV  ;Y ;7.5.1994;NULL;321.16;691.59
13633822;1363382;CK  ;Y ;10.5.1995;NULL;2694.39;1544.52
4561143213625520;1362552;CC  ;Y ;6.8.1993;NULL;367.42;493.17
13626423;1362642;SV  ;Y ;25.9.1994;NULL;180.22;91.21
13632913;1363291;SV  ;Y ;8.2.1995;NULL;274.62;653.58
13629553;1362955;SV  ;Y ;19.7.1995;NULL;162.27;627.76
13633473;1363347;SV  ;Y ;27.5.1995;NULL;794.25;512.64
13632843;1363284;SV  ;Y ;26.1.1992;NULL;1454.16;860.93
13624892;1362489;CK  ;Y ;19.10.1993;NULL;833.40;125.43
13629363;1362936;SV  ;Y ;15.2.1995;NULL;746.54;792.11
13626972;1362697;CK  ;Y ;1.9.1995;NULL;2686.03;11.38
4561143213633700;1363370;CC  ;Y ;27.4.1993;NULL;294.72;746.60
4561143213631380;1363138;CC  ;Y ;17.2.1993;NULL;92.13;914.08
13625922;1362592;CK  ;Y ;1.3.1995;NULL;922.69;343.51
13634162;1363416;CK  ;Y ;1.12.1995;NULL;211.24;5.68
13627433;1362743;SV  ;Y ;13.2.1995;NULL;2205.14;2885.15
4561143213627670;1362767;CC  ;Y ;13.4.1995;NULL;0.00;290.54
4561143213627650;1362765;CC  ;Y ;27.1.1993;NULL;902.92;999.18
13626983;1362698;SV  ;N ;4.9.1994;12.3.1995;499.93;3110.27
13629412;1362941;CK  ;Y ;12.8.1989;NULL;323.06;4.54
4561143213628320;1362832;CC  ;Y ;18.11.1995;NULL;0.00;8500.00
4561143213631950;1363195;CC  ;Y ;14.11.1995;NULL;0.00;1000.00
13633343;1363334;SV  ;Y ;28.1.1995;NULL;259.30;478.96
4561143213632570;1363257;CC  ;Y ;12.2.1995;NULL;0.00;2275.24
13632963;1363296;SV  ;Y ;28.6.1991;NULL;2285.95;2505.34
13633232;1363323;CK  ;Y ;9.5.1988;NULL;12005.31;1083.14
13632293;1363229;SV  ;Y ;17.8.1995;NULL;541.97;536.08
13632332;1363233;CK  ;Y ;1.7.1995;NULL;5230.56;313.60
4561143213631970;1363197;CC  ;Y ;10.10.1993;NULL;132.93;645.09
13634132;1363413;CK  ;Y ;17.6.1995;NULL;141.77;131.81
4561143213625880;1362588;CC  ;Y ;10.2.1992;NULL;453.45;1000.00
13630592;1363059;CK  ;Y ;20.1.1995;NULL;3468.86;24.41
13626302;1362630;CK  ;Y ;12.3.1991;NULL;2780.05;127.75
4561143213633140;1363314;CC  ;Y ;8.2.1991;NULL;2393.16;366.31
13629492;1362949;CK  ;Y ;3.8.1994;NULL;2677.39;14.7
13628173;1362817;SV  ;Y ;28.3.1991;NULL;143.63;754.80
13633012;1363301;CK  ;Y ;23.9.1995;NULL;5616.16;285.21
13633422;1363342;CK  ;Y ;5.9.1994;NULL;224.60;14.45
13624862;1362486;CK  ;Y ;24.8.1994;NULL;4252.39;3312.27
4561143213633210;1363321;CC  ;Y ;9.1.1992;NULL;2076.51;1133.39
4561143213631690;1363169;CC  ;Y ;12.11.1991;NULL;1729.57;0.00
4561143213629050;1362905;CC  ;Y ;2.9.1990;NULL;737.20;915.75
13633442;1363344;CK  ;Y ;2.8.1993;NULL;159.01;68.95
13634522;1363452;CK  ;Y ;28.1.1995;NULL;326.84;428.70
13634542;1363454;CK  ;Y ;10.8.1990;NULL;2503.81;312.45
13625053;1362505;SV  ;N ;12.6.1992;4.11.1995;310.45;205.68
4561143213632000;1363200;CC  ;Y ;1.2.1995;NULL;0.00;254.56
13634832;1363483;CK  ;Y ;7.1.1995;NULL;144.64;403.75
4561143213631300;1363130;CC  ;Y ;28.4.1994;NULL;1031.20;80.56
13630712;1363071;CK  ;Y ;24.1.1994;NULL;2606.90;175.42
13634553;1363455;SV  ;Y ;8.8.1995;NULL;251.82;254.90
4561143213633840;1363384;CC  ;Y ;7.11.1994;NULL;6541.09;2231.29
13628582;1362858;CK  ;Y ;15.6.1995;NULL;778.24;587.99
13626072;1362607;CK  ;Y ;29.6.1993;NULL;290.21;165.23
13626903;1362690;SV  ;N ;28.2.1994;29.10.1995;259.26;111.34
13628873;1362887;SV  ;N ;10.5.1991;14.1.1995;591.90;4262.93
13630403;1363040;SV  ;Y ;29.4.1995;NULL;459.10;37.27
13633513;1363351;SV  ;N ;25.4.1991;1.5.1995;212.73;213.81
13627152;1362715;CK  ;Y ;11.11.1989;NULL;2691.06;366.99
13631542;1363154;CK  ;Y ;12.2.1991;NULL;129.88;20.3
13633062;1363306;CK  ;Y ;15.3.1990;NULL;234.76;114.94
4561143213633260;1363326;CC  ;Y ;6.7.1995;NULL;0.00;0.00
13634412;1363441;CK  ;Y ;5.8.1986;NULL;105.89;145.82
4561143213632360;1363236;CC  ;Y ;6.2.1991;NULL;5922.77;1555.34
4561143213630170;1363017;CC  ;Y ;8.2.1995;NULL;0.00;1000.00
13625683;1362568;SV  ;Y ;10.1.1995;NULL;284.16;386.20
4561143213631270;1363127;CC  ;Y ;30.1.1994;NULL;825.68;305.79
13630762;1363076;CK  ;Y ;3.4.1995;NULL;918.78;67.30
13631682;1363168;CK  ;Y ;12.10.1994;NULL;12440.33;67.58
13633563;1363356;SV  ;Y ;9.9.1993;NULL;285.45;148.06
13633982;1363398;CK  ;Y ;2.9.1995;NULL;2569.26;86.13
13631412;1363141;CK  ;Y ;17.1.1994;NULL;142.78;563.15
4561143213625800;1362580;CC  ;Y ;30.3.1992;NULL;448.96;1500.00
4561143213624890;1362489;CC  ;N ;16.8.1990;18.9.1995;1465.41;20.00
4561143213630870;1363087;CC  ;Y ;4.9.1993;NULL;91.29;1000.00
4561143213626970;1362697;CC  ;Y ;24.11.1995;NULL;0.00;0.00
4561143213626330;1362633;CC  ;Y ;23.1.1994;NULL;249.18;1000.00
13629333;1362933;SV  ;Y ;3.6.1995;NULL;268.67;17.18
13632093;1363209;SV  ;N ;3.2.1986;29.8.1995;264.69;1813.90
13633032;1363303;CK  ;Y ;18.2.1995;NULL;2789.57;39.22
4561143213625480;1362548;CC  ;Y ;11.11.1986;NULL;6965.25;68.68
4561143213634860;1363486;CC  ;Y ;8.12.1995;NULL;0.00;0.00
13627342;1362734;CK  ;N ;4.4.1993;6.3.1995;336.21;317.02
13632233;1363223;SV  ;Y ;13.6.1992;NULL;2653.96;2771.42
13626252;1362625;CK  ;N ;29.6.1990;5.5.1995;489.23;533.18
13630043;1363004;SV  ;Y ;17.6.1993;NULL;167.29;169.81
13628502;1362850;CK  ;Y ;30.10.1995;NULL;2682.82;1179.40
13626192;1362619;CK  ;Y ;30.11.1994;NULL;4071.26;759.22
13629522;1362952;CK  ;Y ;7.7.1994;NULL;1069.57;473.45
13624882;1362488;CK  ;Y ;31.10.1989;NULL;4234.94;122.42
13627353;1362735;SV  ;Y ;16.9.1995;NULL;117.95;288.87
4561143213626300;1362630;CC  ;N ;31.3.1992;19.3.1995;2016.58;962.62
13630923;1363092;SV  ;Y ;28.7.1995;NULL;257.16;397.29
4561143213629600;1362960;CC  ;Y ;24.7.1986;NULL;5951.37;8600.00
13633713;1363371;SV  ;Y ;22.5.1993;NULL;726.33;87.77
13632612;1363261;CK  ;Y ;11.3.1992;NULL;4185.93;1606.69
13632013;1363201;SV  ;Y ;22.6.1995;NULL;100.24;74.54
13626112;1362611;CK  ;Y ;22.8.1987;NULL;362.81;361.31
4561143213625350;1362535;CC  ;Y ;15.5.1990;NULL;204.27;0.00
4561143213633440;1363344;CC  ;Y ;22.6.1993;NULL;690.04;1000.00
13625893;1362589;SV  ;Y ;14.4.1994;NULL;218.78;833.68
13627592;1362759;CK  ;Y ;27.5.1993;NULL;433.27;4.62
13633282;1363328;CK  ;Y ;7.3.1995;NULL;189.43;669.27
4561143213634540;1363454;CC  ;Y ;10.8.1990;NULL;2670.27;1336.40
13633902;1363390;CK  ;Y ;15.12.1995;NULL;2716.75;446.35
13634383;1363438;SV  ;Y ;2.3.1993;NULL;154.44;95.30
4561143213629110;1362911;CC  ;N ;21.5.1992;23.12.1995;1328.83;67.61
13632272;1363227;CK  ;Y ;2.12.1995;NULL;2524.76;3342.38
4561143213632750;1363275;CC  ;Y ;22.12.1994;NULL;408.78;805.19
13629802;1362980;CK  ;Y ;10.7.1993;NULL;2778.92;118.27
13625113;1362511;SV  ;Y ;29.4.1993;NULL;282.90;748.73
4561143213628580;1362858;CC  ;Y ;5.1.1995;NULL;0.00;708.20
13628962;1362896;CK  ;N ;15.5.1993;22.12.1995;5929.92;512.63
13632662;1363266;CK  ;Y ;19.11.1995;NULL;2820.64;1.98
4561143213625940;1362594;CC  ;N ;3.3.1992;19.7.1995;9557.00;0.00
4561143213627150;1362715;CC  ;Y ;11.11.1989;NULL;418.99;933.22
13629182;1362918;CK  ;Y ;16.5.1994;NULL;278.13;142.87
4561143213633060;1363306;CC  ;Y ;17.2.1995;NULL;0.00;137.40
13633763;1363376;SV  ;Y ;14.2.1995;NULL;344.08;1345.44
4561143213634410;1363441;CC  ;Y ;5.8.1986;NULL;854.16;32.33
13628292;1362829;CK  ;Y ;20.8.1993;NULL;638.32;2516.20
13629482;1362948;CK  ;Y ;26.9.1994;NULL;3708.36;554.35
4561143213634680;1363468;CC  ;Y ;16.11.1995;NULL;0.00;5500.00
4561143213633980;1363398;CC  ;Y ;14.1.1995;NULL;0.00;1000.00
13627403;1362740;SV  ;N ;15.2.1994;12.8.1995;118.82;119.87
13627762;1362776;CK  ;Y ;17.1.1995;NULL;2732.30;31.28
4561143213631070;1363107;CC  ;Y ;8.9.1994;NULL;478.51;89.15
13624802;1362480;CK  ;Y ;23.12.1992;NULL;331.85;86.86
13632972;1363297;CK  ;Y ;5.3.1992;NULL;327.75;39.24
13634693;1363469;SV  ;Y ;8.4.1995;NULL;2055.19;1701.12
4561143213627170;1362717;CC  ;Y ;24.10.1995;NULL;0.00;1000.00
13628822;1362882;CK  ;Y ;16.2.1991;NULL;315.99;4.69
13628142;1362814;CK  ;Y ;9.3.1995;NULL;319.87;656.39
13632033;1363203;SV  ;Y ;23.6.1995;NULL;2704.88;3216.39
4561143213628640;1362864;CC  ;Y ;20.9.1995;NULL;0.00;0.00
13631333;1363133;SV  ;Y ;20.10.1989;NULL;173.72;1082.35
13628212;1362821;CK  ;Y ;9.5.1995;NULL;2652.36;994.79
13626313;1362631;SV  ;Y ;17.6.1991;NULL;525.37;533.30
4561143213629860;1362986;CC  ;Y ;4.3.1995;NULL;0.00;1932.10
4561143213629720;1362972;CC  ;Y ;24.6.1994;NULL;1837.24;711.32
13630223;1363022;SV  ;Y ;16.1.1995;NULL;137.96;140.00
4561143213626250;1362625;CC  ;Y ;3.1.1989;NULL;3191.36;735.29
13628153;1362815;SV  ;Y ;13.11.1995;NULL;594.33;348.98
4561143213628500;1362850;CC  ;Y ;18.7.1991;NULL;245.09;37.88
13626632;1362663;CK  ;Y ;21.10.1992;NULL;246.42;92.92
13625723;1362572;SV  ;Y ;17.11.1993;NULL;202.51;432.85
4561143213628530;1362853;CC  ;Y ;12.9.1995;NULL;0.00;1073.95
4561143213629520;1362952;CC  ;Y ;4.6.1994;NULL;3038.80;782.77
13632302;1363230;CK  ;Y ;8.6.1995;NULL;2620.42;551.28
13629953;1362995;SV  ;Y ;18.8.1989;NULL;473.67;2978.58
13626052;1362605;CK  ;Y ;21.5.1994;NULL;256.11;7.84
13633772;1363377;CK  ;Y ;13.4.1995;NULL;2731.16;146.50
4561143213633120;1363312;CC  ;Y ;22.9.1995;NULL;0.00;4400.00
13628982;1362898;CK  ;Y ;6.11.1995;NULL;356.91;219.21
4561143213629740;1362974;CC  ;Y ;2.4.1994;NULL;802.20;271.87
13629663;1362966;SV  ;Y ;17.10.1993;NULL;174.49;124.13
13629372;1362937;CK  ;Y ;11.8.1993;NULL;251.19;377.30
4561143213633280;1363328;CC  ;Y ;29.3.1995;NULL;0.00;538.93
4561143213634740;1363474;CC  ;Y ;30.6.1995;NULL;0.00;702.74
4561143213631600;1363160;CC  ;Y ;12.10.1988;NULL;657.46;286.69
4561143213629490;1362949;CC  ;Y ;3.8.1994;NULL;1982.74;3000.00
4561143213633900;1363390;CC  ;Y ;6.4.1995;NULL;0.00;1860.67
13625652;1362565;CK  ;Y ;28.5.1995;NULL;5753.09;271.08
13634663;1363466;SV  ;Y ;27.11.1989;NULL;542.05;1100.90
4561143213633930;1363393;CC  ;Y ;13.6.1995;NULL;0.00;1000.00
13630782;1363078;CK  ;Y ;12.9.1995;NULL;301.36;167.83
4561143213629540;1362954;CC  ;Y ;11.4.1995;NULL;0.00;1226.12
4561143213629180;1362918;CC  ;Y ;15.1.1994;NULL;345.50;1000.00
4561143213626610;1362661;CC  ;Y ;1.2.1991;NULL;926.05;1000.00
4561143213628290;1362829;CC  ;Y ;1.3.1995;NULL;0.00;2033.41
13634102;1363410;CK  ;Y ;30.9.1994;NULL;3584.44;8.13
4561143213632970;1363297;CC  ;Y ;15.2.1990;NULL;805.70;67.82
13625493;1362549;SV  ;Y ;22.3.1993;NULL;312.39;1039.96
13625872;1362587;CK  ;Y ;8.8.1990;NULL;2520.63;292.00
13630673;1363067;SV  ;Y ;25.11.1993;NULL;284.01;288.33
13629242;1362924;CK  ;Y ;22.8.1992;NULL;2593.78;0.00
4561143213634490;1363449;CC  ;Y ;5.11.1994;NULL;991.87;636.53
4561143213628140;1362814;CC  ;Y ;6.8.1995;NULL;0.00;1000.00
4561143213633820;1363382;CC  ;Y ;2.3.1995;NULL;0.00;1000.00
4561143213628210;1362821;CC  ;Y ;25.10.1994;NULL;967.86;0.00
13633082;1363308;CK  ;Y ;10.8.1994;NULL;5568.05;5651.40
13633312;1363331;CK  ;Y ;22.4.1991;NULL;4246.48;2897.68
13631832;1363183;CK  ;Y ;9.8.1993;NULL;6161.04;279.72
13629253;1362925;SV  ;Y ;14.3.1993;NULL;592.32;1770.46
13632283;1363228;SV  ;Y ;26.6.1995;NULL;310.44;1538.46
4561143213626630;1362663;CC  ;Y ;4.11.1991;NULL;1828.87;4400.00
13632952;1363295;CK  ;N ;3.5.1989;20.12.1995;261.09;68.65
13632192;1363219;CK  ;Y ;5.3.1989;NULL;4312.10;13.46
13632903;1363290;SV  ;Y ;9.8.1995;NULL;2229.39;2594.47
13629922;1362992;CK  ;Y ;2.6.1995;NULL;272.23;5.85
13634802;1363480;CK  ;Y ;9.2.1995;NULL;2072.19;33.77
13633703;1363370;SV  ;Y ;5.10.1993;NULL;146.95;149.17
4561143213625920;1362592;CC  ;N ;31.5.1993;20.12.1995;2106.82;310.10
4561143213626050;1362605;CC  ;Y ;11.1.1991;NULL;705.21;1000.00
13627712;1362771;CK  ;Y ;10.5.1993;NULL;162.03;141.86
13634922;1363492;CK  ;Y ;31.12.1991;NULL;1350.61;106.14
13629973;1362997;SV  ;Y ;12.5.1995;NULL;198.95;201.95
13630702;1363070;CK  ;Y ;1.9.1994;NULL;212.25;307.97
13628092;1362809;CK  ;Y ;31.1.1989;NULL;3199.27;1160.14
4561143213629370;1362937;CC  ;N ;22.7.1994;10.11.1995;1671.88;0.00
13634482;1363448;CK  ;N ;3.2.1993;2.11.1995;5540.21;1961.87
13627653;1362765;SV  ;N ;3.11.1992;4.2.1995;153.00;1363.11
13626862;1362686;CK  ;Y ;24.7.1995;NULL;337.72;13.37
13633362;1363336;CK  ;Y ;10.1.1993;NULL;4355.05;195.15
13629693;1362969;SV  ;Y ;15.3.1992;NULL;1063.49;5792.74
13625373;1362537;SV  ;Y ;25.3.1990;NULL;121.43;1603.69
13625463;1362546;SV  ;Y ;19.2.1990;NULL;120.49;991.01
13632682;1363268;CK  ;N ;25.6.1989;24.2.1995;192.61;1094.41
13628012;1362801;CK  ;Y ;31.10.1995;NULL;398.00;0.00
4561143213633080;1363308;CC  ;N ;10.8.1994;15.4.1995;2794.47;498.06
13624973;1362497;SV  ;Y ;10.6.1992;NULL;572.95;10.86
13631953;1363195;SV  ;Y ;24.9.1993;NULL;291.56;764.77
4561143213633230;1363323;CC  ;Y ;9.12.1994;NULL;7159.74;1953.27
4561143213632950;1363295;CC  ;Y ;3.5.1989;NULL;969.91;1000.00
13628442;1362844;CK  ;Y ;7.10.1994;NULL;1080.30;162.10
13632573;1363257;SV  ;Y ;8.9.1993;NULL;273.21;1209.67
13629303;1362930;SV  ;Y ;28.7.1993;NULL;204.40;800.42
13631402;1363140;CK  ;Y ;31.7.1994;NULL;237.14;0.00
13634352;1363435;CK  ;Y ;29.10.1989;NULL;2606.30;329.74
4561143213627710;1362771;CC  ;Y ;12.11.1993;NULL;1127.54;1200.00
13630732;1363073;CK  ;Y ;25.10.1988;NULL;2804.23;125.90
13632162;1363216;CK  ;Y ;31.12.1993;NULL;2272.32;1015.46
13626742;1362674;CK  ;Y ;18.4.1995;NULL;2650.19;375.15
4561143213628090;1362809;CC  ;Y ;31.1.1989;NULL;2481.47;0.00
13633533;1363353;SV  ;N ;23.6.1989;13.4.1995;264.84;1663.95
13628202;1362820;CK  ;Y ;10.5.1990;NULL;27072.38;13185.47
13627223;1362722;SV  ;Y ;30.10.1995;NULL;257.31;261.18
13627582;1362758;CK  ;Y ;3.11.1994;NULL;2578.51;407.32
13626492;1362649;CK  ;Y ;20.2.1995;NULL;134.68;30.47
4561143213634480;1363448;CC  ;Y ;9.1.1995;NULL;0.00;1400.00
13625133;1362513;SV  ;Y ;14.10.1994;NULL;389.39;352.05
4561143213626860;1362686;CC  ;Y ;25.4.1995;NULL;0.00;99.90
13626753;1362675;SV  ;Y ;10.6.1994;NULL;200.89;274.78
13629042;1362904;CK  ;Y ;23.3.1987;NULL;286.22;461.88
13628062;1362806;CK  ;Y ;22.11.1993;NULL;218.47;2561.24
4561143213628010;1362801;CC  ;Y ;28.2.1994;NULL;393.80;45.23
4561143213630590;1363059;CC  ;Y ;13.4.1995;NULL;0.00;1200.00
4561143213628440;1362844;CC  ;Y ;8.4.1993;NULL;420.49;584.13
4561143213633420;1363342;CC  ;Y ;20.10.1993;NULL;616.39;1600.00
13633213;1363321;SV  ;Y ;23.7.1994;NULL;172.70;1009.61
4561143213634830;1363483;CC  ;Y ;9.4.1993;NULL;946.26;1000.00
13629053;1362905;SV  ;Y ;30.5.1991;NULL;522.29;688.98
13634953;1363495;SV  ;Y ;16.11.1994;NULL;2321.90;2783.16
4561143213634350;1363435;CC  ;Y ;15.2.1991;NULL;535.71;643.34
4561143213630710;1363071;CC  ;Y ;25.4.1995;NULL;0.00;298.42
13628082;1362808;CK  ;N ;12.12.1993;15.2.1995;4076.50;1724.92
4561143213626070;1362607;CC  ;Y ;23.1.1994;NULL;1957.45;903.36
13633843;1363384;SV  ;Y ;11.4.1992;NULL;823.50;3419.28
13626412;1362641;CK  ;Y ;28.11.1988;NULL;2705.53;1566.97
13632542;1363254;CK  ;N ;25.7.1991;14.3.1995;318.71;737.37
13632083;1363208;SV  ;Y ;14.8.1995;NULL;150.23;1094.05
13630842;1363084;CK  ;Y ;10.7.1995;NULL;4473.55;1909.09
13631383;1363138;SV  ;Y ;17.2.1993;NULL;268.30;1293.45
4561143213626490;1362649;CC  ;Y ;17.6.1992;NULL;187.17;1000.00
13627673;1362767;SV  ;Y ;21.3.1993;NULL;276.81;1098.48
13629672;1362967;CK  ;Y ;19.9.1992;NULL;170.42;271.49
13628232;1362823;CK  ;Y ;22.4.1994;NULL;418.30;7.35
4561143213628060;1362806;CC  ;Y ;27.11.1994;NULL;214.46;1541.64
13630582;1363058;CK  ;Y ;27.10.1988;NULL;2744.91;121.27
13633263;1363326;SV  ;Y ;25.3.1995;NULL;570.24;578.09
13628793;1362879;SV  ;Y ;18.6.1995;NULL;326.33;856.61
13629683;1362968;SV  ;Y ;30.8.1994;NULL;795.43;510.19
4561143213630760;1363076;CC  ;Y ;3.9.1993;NULL;6842.20;770.56
13631922;1363192;CK  ;Y ;27.8.1992;NULL;1316.25;42.85
13631973;1363197;SV  ;Y ;10.10.1993;NULL;100.91;347.20
13632363;1363236;SV  ;Y ;19.9.1994;NULL;288.72;1067.70
4561143213630560;1363056;CC  ;Y ;24.1.1994;NULL;303.47;821.42
13626802;1362680;CK  ;Y ;22.10.1993;NULL;235.29;848.22
13625883;1362588;SV  ;Y ;20.10.1990;NULL;252.24;9.71
13627702;1362770;CK  ;Y ;24.9.1994;NULL;407.29;237.69
4561143213633030;1363303;CC  ;Y ;22.4.1995;NULL;0.00;1000.00
13624893;1362489;SV  ;Y ;13.9.1993;NULL;760.24;373.65
13631693;1363169;SV  ;Y ;10.7.1991;NULL;151.54;153.82
13626973;1362697;SV  ;Y ;15.7.1994;NULL;598.02;596.47
4561143213631460;1363146;CC  ;Y ;8.2.1991;NULL;2782.38;0.00
4561143213626410;1362641;CC  ;Y ;28.11.1988;NULL;502.37;172.99
13626722;1362672;CK  ;Y ;18.12.1995;NULL;177.94;669.16
13627912;1362791;CK  ;Y ;24.2.1994;NULL;2671.00;874.16
4561143213626190;1362619;CC  ;Y ;5.4.1994;NULL;3866.70;0.00
4561143213628230;1362823;CC  ;N ;12.6.1989;18.4.1995;2194.14;98.04
13627642;1362764;CK  ;Y ;5.4.1994;NULL;278.11;728.77
13630092;1363009;CK  ;Y ;9.4.1995;NULL;12692.83;9253.73
13627023;1362702;SV  ;Y ;17.3.1990;NULL;698.68;12.53
13629022;1362902;CK  ;Y ;11.11.1990;NULL;117.73;112.94
13626522;1362652;CK  ;Y ;8.10.1995;NULL;315.75;26.93
13627962;1362796;CK  ;Y ;6.10.1989;NULL;251.12;254.93
13633752;1363375;CK  ;Y ;18.7.1993;NULL;281.80;172.83
13634022;1363402;CK  ;Y ;19.2.1995;NULL;3294.44;9.62
13632052;1363205;CK  ;N ;6.7.1994;22.2.1995;2588.17;1395.69
13625243;1362524;SV  ;Y ;18.7.1988;NULL;147.65;619.05
13632003;1363200;SV  ;Y ;24.10.1993;NULL;114.43;1357.19
13630122;1363012;CK  ;Y ;13.5.1993;NULL;1115.62;5.59
13631303;1363130;SV  ;Y ;22.6.1994;NULL;122.54;68.70
13629603;1362960;SV  ;Y ;24.7.1986;NULL;6223.15;6273.27
4561143213631130;1363113;CC  ;Y ;4.9.1995;NULL;0.00;660.40
4561143213632630;1363263;CC  ;Y ;29.3.1995;NULL;0.00;1218.94
4561143213632610;1363261;CC  ;Y ;6.9.1992;NULL;143.33;1000.00
13629493;1362949;SV  ;Y ;3.8.1994;NULL;102.63;389.24
13627532;1362753;CK  ;Y ;26.2.1995;NULL;193.01;79.24
13633013;1363301;SV  ;Y ;23.3.1995;NULL;292.49;417.32
4561143213625650;1362565;CC  ;Y ;27.2.1987;NULL;829.07;1358.19
13624863;1362486;SV  ;Y ;13.7.1989;NULL;284.48;116.24
4561143213626110;1362611;CC  ;Y ;4.6.1994;NULL;2477.19;133.87
4561143213626130;1362613;CC  ;Y ;21.1.1989;NULL;248.01;1000.00
4561143213634100;1363410;CC  ;Y ;1.11.1995;NULL;0.00;0.00
13634652;1363465;CK  ;Y ;29.12.1995;NULL;2605.30;1632.35
13630173;1363017;SV  ;N ;27.4.1994;31.10.1995;2011.02;2901.35
13628772;1362877;CK  ;Y ;16.3.1993;NULL;100.36;612.35
4561143213627590;1362759;CC  ;Y ;24.5.1990;NULL;1320.06;835.19
13633443;1363344;SV  ;Y ;20.12.1995;NULL;108.33;253.92
13631273;1363127;SV  ;Y ;13.2.1995;NULL;122.21;124.01
4561143213626720;1362672;CC  ;Y ;14.8.1995;NULL;0.00;226.57
4561143213632270;1363227;CC  ;Y ;27.3.1995;NULL;0.00;588.15
13630932;1363093;CK  ;Y ;30.5.1986;NULL;112.89;1079.16
4561143213629800;1362980;CC  ;Y ;19.9.1992;NULL;107.81;512.73
13634543;1363454;SV  ;Y ;10.8.1990;NULL;253.30;782.26
13625852;1362585;CK  ;Y ;9.3.1991;NULL;381.40;176.63
13626942;1362694;CK  ;Y ;12.8.1995;NULL;3993.34;93.66
13625803;1362580;SV  ;Y ;12.10.1992;NULL;468.82;163.39
4561143213632050;1363205;CC  ;Y ;28.5.1994;NULL;2825.91;684.12
13624922;1362492;CK  ;Y ;23.4.1995;NULL;5101.60;582.82
4561143213626830;1362683;CC  ;Y ;15.9.1992;NULL;2896.67;5359.08
4561143213632660;1363266;CC  ;Y ;24.2.1995;NULL;0.00;994.65
13628583;1362858;SV  ;Y ;16.12.1994;NULL;1561.41;592.84
4561143213629480;1362948;CC  ;Y ;22.8.1987;NULL;1393.56;813.51
13627153;1362715;SV  ;Y ;11.11.1989;NULL;110.12;195.07
13626333;1362633;SV  ;Y ;23.10.1992;NULL;123.78;57.34
13633063;1363306;SV  ;Y ;28.5.1995;NULL;698.96;1193.26
13632862;1363286;CK  ;Y ;25.7.1993;NULL;2524.17;51.57
13627842;1362784;CK  ;Y ;24.1.1995;NULL;7450.72;1095.71
13625483;1362548;SV  ;Y ;11.11.1986;NULL;250.24;254.02
13628392;1362839;CK  ;Y ;1.6.1992;NULL;8885.44;32.80
4561143213624800;1362480;CC  ;N ;23.12.1992;15.12.1995;1607.40;20.00
4561143213627530;1362753;CC  ;Y ;3.1.1993;NULL;2204.46;3000.00
13629193;1362919;SV  ;Y ;1.11.1995;NULL;313.92;318.66
13630062;1363006;CK  ;Y ;5.4.1995;NULL;2760.46;897.68
13634042;1363404;CK  ;Y ;23.9.1995;NULL;259.35;823.63
13634413;1363441;SV  ;N ;5.8.1986;23.8.1995;118.53;581.29
4561143213628820;1362882;CC  ;Y ;8.4.1993;NULL;2058.92;33.52
13631672;1363167;CK  ;Y ;7.3.1993;NULL;5488.09;68.61
13626372;1362637;CK  ;Y ;28.6.1995;NULL;319.45;72.09
13625512;1362551;CK  ;Y ;18.9.1995;NULL;352.97;2044.22
13630153;1363015;SV  ;Y ;12.11.1995;NULL;380.21;385.97
13632182;1363218;CK  ;Y ;26.4.1995;NULL;2812.42;380.37
13626432;1362643;CK  ;Y ;27.2.1992;NULL;4286.40;1860.19
13631683;1363168;SV  ;Y ;10.2.1995;NULL;1210.75;2333.47
13632492;1363249;CK  ;Y ;4.6.1993;NULL;949.93;2877.12
13627853;1362785;SV  ;Y ;25.6.1993;NULL;349.70;337.90
4561143213630530;1363053;CC  ;Y ;1.3.1995;NULL;0.00;918.09
13627262;1362726;CK  ;Y ;18.4.1995;NULL;180.28;13.37
13625943;1362594;SV  ;Y ;29.6.1994;NULL;1985.18;6619.84
4561143213624920;1362492;CC  ;Y ;9.8.1995;NULL;0.00;2000.00
13634672;1363467;CK  ;Y ;15.1.1995;NULL;4155.98;58.47
13632882;1363288;CK  ;Y ;20.2.1995;NULL;640.62;1393.38
13630262;1363026;CK  ;Y ;21.3.1994;NULL;777.74;2744.43
13628312;1362831;CK  ;N ;8.11.1994;22.2.1995;2170.02;123.78
13634683;1363468;SV  ;Y ;28.7.1995;NULL;273.99;927.28
13628993;1362899;SV  ;Y ;30.4.1993;NULL;1769.93;1823.77
4561143213633770;1363377;CC  ;Y ;9.11.1994;NULL;332.67;844.08
13628752;1362875;CK  ;Y ;28.2.1990;NULL;147.02;1174.11
13634813;1363481;SV  ;Y ;12.7.1994;NULL;155.93;1606.92
13629723;1362972;SV  ;Y ;28.2.1992;NULL;493.93;680.94
4561143213632070;1363207;CC  ;Y ;9.2.1994;NULL;886.67;777.00
13627343;1362734;SV  ;N ;20.8.1993;29.8.1995;434.71;438.53
4561143213629400;1362940;CC  ;Y ;6.4.1994;NULL;73.17;41.22
13628552;1362855;CK  ;Y ;2.9.1994;NULL;202.30;1070.87
13632412;1363241;CK  ;Y ;28.4.1993;NULL;478.79;18.37
4561143213634220;1363422;CC  ;N ;24.10.1992;9.12.1995;1772.11;20.00
13630473;1363047;SV  ;N ;19.8.1992;2.9.1995;142.02;417.52
13628503;1362850;SV  ;Y ;29.7.1991;NULL;118.45;120.25
13627173;1362717;SV  ;Y ;16.11.1994;NULL;184.03;186.79
13627092;1362709;CK  ;Y ;25.8.1991;NULL;2254.04;185.90
4561143213630780;1363078;CC  ;Y ;6.4.1991;NULL;2385.21;1147.07
13629523;1362952;SV  ;N ;26.1.1992;31.3.1995;231.89;232.76
13628643;1362864;SV  ;Y ;7.3.1995;NULL;173.89;176.53
13628913;1362891;SV  ;Y ;2.11.1990;NULL;767.62;1743.57
13629863;1362986;SV  ;Y ;13.6.1995;NULL;1161.47;434.43
13631652;1363165;CK  ;Y ;20.1.1990;NULL;2244.10;95.80
13633332;1363333;CK  ;Y ;4.1.1991;NULL;220.95;4.31
4561143213626370;1362637;CC  ;Y ;11.6.1995;NULL;0.00;1200.00
13626693;1362669;SV  ;Y ;5.12.1990;NULL;173.96;1693.81
13632102;1363210;CK  ;Y ;5.6.1995;NULL;2042.38;121.53
13628533;1362853;SV  ;Y ;10.6.1995;NULL;918.64;1025.23
13633283;1363328;SV  ;Y ;28.12.1995;NULL;102.26;1308.55
4561143213625870;1362587;CC  ;Y ;20.9.1989;NULL;879.47;859.44
13631603;1363160;SV  ;Y ;9.5.1988;NULL;113.04;122.54
4561143213629240;1362924;CC  ;Y ;28.8.1995;NULL;0.00;1000.00
13633952;1363395;CK  ;Y ;26.1.1987;NULL;2555.08;1520.90
13634743;1363474;SV  ;Y ;12.5.1990;NULL;5095.53;4622.61
4561143213626430;1362643;CC  ;N ;27.2.1992;28.4.1995;1536.24;559.57
4561143213633310;1363331;CC  ;Y ;24.7.1992;NULL;7574.56;2264.61
4561143213632490;1363249;CC  ;Y ;18.4.1993;NULL;2615.76;3082.05
13632722;1363272;CK  ;Y ;5.9.1995;NULL;371.89;195.31
13633903;1363390;SV  ;Y ;18.10.1995;NULL;253.08;740.57
13625792;1362579;CK  ;Y ;3.1.1992;NULL;100.84;431.33
13632383;1363238;SV  ;Y ;11.7.1991;NULL;189.51;192.39
4561143213632190;1363219;CC  ;Y ;3.11.1990;NULL;227.47;1000.00
13629172;1362917;CK  ;Y ;18.1.1989;NULL;447.68;45.45
13626613;1362661;SV  ;Y ;2.11.1995;NULL;818.48;2226.62
13627012;1362701;CK  ;Y ;22.1.1994;NULL;217.14;223.09
13633823;1363382;SV  ;Y ;11.8.1994;NULL;108.39;272.05
13627442;1362744;CK  ;Y ;3.8.1995;NULL;219.21;205.93
4561143213628280;1362828;CC  ;Y ;4.4.1988;NULL;184.35;1000.00
4561143213634670;1363467;CC  ;Y ;30.6.1993;NULL;1193.89;1500.00
13632522;1363252;CK  ;Y ;15.12.1994;NULL;225.77;32.18
13629183;1362918;SV  ;Y ;31.8.1995;NULL;318.67;270.70
13630822;1363082;CK  ;Y ;24.5.1994;NULL;5042.95;314.35
13632802;1363280;CK  ;Y ;22.11.1993;NULL;275.60;269.95
13628572;1362857;CK  ;Y ;11.7.1994;NULL;101.40;7.47
13628293;1362829;SV  ;Y ;12.12.1995;NULL;669.51;2510.16
13632832;1363283;CK  ;Y ;18.4.1995;NULL;121.77;18.54
4561143213630260;1363026;CC  ;Y ;8.6.1991;NULL;1421.82;2500.00
4561143213631350;1363135;CC  ;Y ;9.3.1990;NULL;3139.52;247.32
4561143213632410;1363241;CC  ;Y ;18.7.1992;NULL;287.85;1352.70
4561143213634920;1363492;CC  ;Y ;31.12.1991;NULL;4128.58;6869.00
13630032;1363003;CK  ;Y ;16.8.1990;NULL;153.23;177.26
4561143213630700;1363070;CC  ;Y ;1.7.1994;NULL;390.58;774.22
13632352;1363235;CK  ;Y ;29.9.1993;NULL;2887.85;1067.57
4561143213633550;1363355;CC  ;Y ;11.12.1994;NULL;2643.94;291.58
13626053;1362605;SV  ;Y ;26.3.1994;NULL;593.88;611.94
13629413;1362941;SV  ;N ;1.8.1990;1.2.1995;149.15;877.14
4561143213632130;1363213;CC  ;Y ;29.3.1995;NULL;0.00;1046.11
13626663;1362666;SV  ;Y ;23.2.1991;NULL;574.42;300.42
13625653;1362565;SV  ;Y ;22.5.1986;NULL;319.68;941.16
13625712;1362571;CK  ;N ;28.4.1991;10.1.1995;257.68;62.94
4561143213632720;1363272;CC  ;Y ;11.8.1995;NULL;0.00;1016.12
4561143213632110;1363211;CC  ;N ;11.8.1992;19.12.1995;1724.93;112.99
13634152;1363415;CK  ;Y ;29.12.1995;NULL;2717.85;21.41
4561143213631940;1363194;CC  ;N ;9.9.1992;24.7.1995;3076.55;82.15
4561143213625790;1362579;CC  ;N ;19.1.1992;25.6.1995;2529.61;1050.00
4561143213632680;1363268;CC  ;Y ;25.6.1989;NULL;1873.47;1800.00
13634103;1363410;SV  ;Y ;26.5.1995;NULL;869.13;895.56
13630982;1363098;CK  ;Y ;25.5.1995;NULL;2874.57;17.71
4561143213632520;1363252;CC  ;Y ;23.2.1994;NULL;776.26;1000.00
4561143213631400;1363140;CC  ;Y ;17.8.1993;NULL;315.24;1000.00
4561143213630820;1363082;CC  ;Y ;18.10.1993;NULL;819.46;907.82
4561143213632160;1363216;CC  ;Y ;15.7.1992;NULL;428.71;1000.00
13633083;1363308;SV  ;Y ;10.8.1994;NULL;374.47;1585.57
4561143213630960;1363096;CC  ;Y ;20.12.1989;NULL;388.35;0.00
4561143213628570;1362857;CC  ;Y ;20.2.1994;NULL;13.11;357.00
13632333;1363233;SV  ;N ;28.9.1993;25.4.1995;453.28;161.69
4561143213632830;1363283;CC  ;Y ;18.4.1995;NULL;0.00;1100.00
4561143213625470;1362547;CC  ;Y ;16.4.1995;NULL;0.00;952.52
13632953;1363295;SV  ;Y ;3.5.1989;NULL;130.66;222.18
4561143213628200;1362820;CC  ;Y ;30.11.1992;NULL;4011.25;4231.59
13626813;1362681;SV  ;Y ;25.5.1995;NULL;3232.61;3629.45
4561143213629040;1362904;CC  ;Y ;18.9.1990;NULL;1445.69;679.69
13627713;1362771;SV  ;Y ;2.12.1995;NULL;215.21;2361.62
13628362;1362836;CK  ;Y ;20.6.1990;NULL;220.22;7.72
13628093;1362809;SV  ;Y ;31.1.1989;NULL;270.75;274.83
13633612;1363361;CK  ;N ;24.2.1994;18.2.1995;3650.35;21.54
4561143213630060;1363006;CC  ;Y ;18.7.1995;NULL;0.00;1628.72
13633423;1363342;SV  ;Y ;17.4.1993;NULL;280.35;57.96
13631172;1363117;CK  ;Y ;14.12.1990;NULL;451.14;0.00
13634523;1363452;SV  ;Y ;28.12.1995;NULL;2423.96;1874.79
13634472;1363447;CK  ;Y ;12.2.1994;NULL;2560.04;346.08
13633272;1363327;CK  ;Y ;2.4.1995;NULL;2609.01;235.65
13625782;1362578;CK  ;Y ;11.7.1993;NULL;2621.11;211.68
4561143213628080;1362808;CC  ;Y ;23.12.1995;NULL;0.00;1600.00
13634483;1363448;SV  ;Y ;13.10.1990;NULL;860.18;1763.31
13632372;1363237;CK  ;Y ;31.8.1994;NULL;7563.81;135.39
13626863;1362686;SV  ;Y ;6.3.1995;NULL;147.46;162.53
13632432;1363243;CK  ;Y ;30.8.1991;NULL;2746.00;852.22
13624852;1362485;CK  ;Y ;26.9.1995;NULL;209.78;45.49
13630713;1363071;SV  ;N ;15.8.1994;10.7.1995;2167.05;1083.77
13631872;1363187;CK  ;N ;7.5.1990;24.8.1995;368.70;22.94
4561143213632540;1363254;CC  ;Y ;25.3.1993;NULL;1039.87;31.04
13634342;1363434;CK  ;Y ;29.6.1992;NULL;5344.31;22.53
4561143213626100;1362610;CC  ;Y ;22.4.1987;NULL;720.85;545.57
13630643;1363064;SV  ;Y ;9.6.1995;NULL;220.97;1103.03
4561143213630840;1363084;CC  ;Y ;26.9.1995;NULL;0.00;1700.00
13628443;1362844;SV  ;Y ;17.8.1994;NULL;142.75;1493.41
13630902;1363090;CK  ;Y ;4.7.1995;NULL;304.52;0.00
13626743;1362674;SV  ;N ;21.6.1994;27.6.1995;128.40;8.21
13627932;1362793;CK  ;N ;6.4.1992;24.9.1995;3699.71;291.67
13633052;1363305;CK  ;Y ;25.2.1995;NULL;315.42;31.90
13625673;1362567;SV  ;Y ;23.9.1989;NULL;3314.95;5143.26
13625622;1362562;CK  ;Y ;17.11.1995;NULL;7997.57;5521.65
13627822;1362782;CK  ;N ;10.12.1994;22.8.1995;171.84;41.60
13633892;1363389;CK  ;Y ;9.8.1993;NULL;2580.12;300.18
4561143213631920;1363192;CC  ;Y ;14.8.1992;NULL;339.72;1000.00
4561143213626800;1362680;CC  ;Y ;1.10.1995;NULL;0.00;1000.00
4561143213627700;1362770;CC  ;N ;10.1.1993;12.11.1995;3645.16;20.00
13631413;1363141;SV  ;Y ;11.11.1994;NULL;177.33;528.57
4561143213627910;1362791;CC  ;Y ;24.2.1994;NULL;3115.73;157.42
13626222;1362622;CK  ;Y ;13.1.1992;NULL;4702.27;890.53
13626193;1362619;SV  ;Y ;27.4.1993;NULL;1099.65;1133.10
13624872;1362487;CK  ;Y ;12.1.1995;NULL;2781.07;1401.21
4561143213629020;1362902;CC  ;Y ;11.11.1990;NULL;273.45;346.97
13625023;1362502;SV  ;Y ;13.5.1988;NULL;228.81;697.68
4561143213634020;1363402;CC  ;Y ;15.8.1992;NULL;1119.41;1200.00
13628263;1362826;SV  ;Y ;23.10.1995;NULL;138.57;425.08
13625732;1362573;CK  ;Y ;16.6.1990;NULL;5292.05;1045.47
13631133;1363113;SV  ;Y ;5.12.1995;NULL;1205.12;1241.78
13632613;1363261;SV  ;N ;9.3.1989;11.9.1995;676.68;289.89
4561143213628770;1362877;CC  ;Y ;16.3.1993;NULL;64.64;80.00
13633072;1363307;CK  ;Y ;25.12.1993;NULL;2763.73;314.27
13627593;1362759;SV  ;Y ;5.9.1990;NULL;214.89;79.52
4561143213630930;1363093;CC  ;Y ;30.5.1986;NULL;254.38;1000.00
4561143213626940;1362694;CC  ;Y ;4.1.1992;NULL;1156.23;1360.30
4561143213630440;1363044;CC  ;Y ;18.6.1990;NULL;150.30;523.08
13629852;1362985;CK  ;Y ;9.11.1995;NULL;1067.03;65.82
4561143213627140;1362714;CC  ;Y ;5.11.1990;NULL;175.29;457.29
13626683;1362668;SV  ;Y ;29.11.1990;NULL;213.91;1470.67
13629803;1362980;SV  ;Y ;23.12.1995;NULL;232.00;310.32
13630082;1363008;CK  ;Y ;25.7.1989;NULL;4914.54;23.16
13627422;1362742;CK  ;Y ;1.12.1991;NULL;2647.42;2562.66
4561143213627210;1362721;CC  ;Y ;17.10.1995;NULL;0.00;1000.00
4561143213626400;1362640;CC  ;Y ;24.4.1994;NULL;1452.79;751.28
4561143213625710;1362571;CC  ;Y ;22.4.1994;NULL;646.48;959.28
4561143213627840;1362784;CC  ;Y ;23.3.1992;NULL;2555.71;2764.67
4561143213628390;1362839;CC  ;Y ;1.6.1992;NULL;3640.88;3783.62
4561143213632180;1363218;CC  ;Y ;18.12.1989;NULL;632.92;1100.00
4561143213627260;1362726;CC  ;Y ;28.11.1993;NULL;1836.21;918.66
13624803;1362480;SV  ;Y ;23.12.1992;NULL;707.09;1187.97
4561143213632880;1363288;CC  ;Y ;16.11.1993;NULL;1886.71;1980.90
4561143213628310;1362831;CC  ;Y ;19.5.1993;NULL;4881.13;5600.00
13628933;1362893;SV  ;Y ;3.8.1995;NULL;290.57;976.43
13626022;1362602;CK  ;Y ;27.2.1995;NULL;428.90;626.79
4561143213625560;1362556;CC  ;N ;20.1.1992;19.8.1995;1433.94;20.00
4561143213626240;1362624;CC  ;Y ;29.11.1990;NULL;632.75;1400.00
4561143213628750;1362875;CC  ;Y ;24.2.1989;NULL;2810.91;3000.00
13626543;1362654;SV  ;Y ;17.10.1992;NULL;784.53;622.46
13627032;1362703;CK  ;Y ;18.9.1994;NULL;3649.18;107.33
