,open,high,low,close,adjclose,volume,ticker,adjclose_1,true_adjclose_1,buy_profit,sell_profit
2014-03-12,23.989999771118164,24.579999923706055,23.020000457763672,23.290000915527344,16.750823974609375,508100,AMC,17.486427,17.167980194091797,0.4171562194824219,0.0
2014-03-19,23.899999618530273,23.899999618530273,23.190000534057617,23.579999923706055,16.959394454956055,569200,AMC,17.277653,16.909053802490234,-0.05034065246582031,0.0
2014-03-21,23.280000686645508,23.690000534057617,22.81999969482422,23.059999465942383,16.585399627685547,1645900,AMC,17.059626,16.671707153320312,0.08630752563476562,0.0
2014-03-24,23.0,23.229999542236328,22.299999237060547,23.18000030517578,16.671707153320312,385500,AMC,16.904623,17.26866912841797,0.5969619750976562,0.0
2014-03-27,23.770000457763672,24.06999969482422,23.260000228881836,23.420000076293945,16.84432029724121,284300,AMC,16.67405,17.189550399780273,0.0,-0.3452301025390625
2014-04-07,23.010000228881836,23.15999984741211,22.540000915527344,23.020000457763672,16.55663299560547,238500,AMC,17.029564,17.239898681640625,0.6832656860351562,0.0
2014-04-29,22.729999542236328,22.829999923706055,22.139999389648438,22.479999542236328,16.16824722290039,151000,AMC,16.154022,16.6429386138916,0.0,-0.47469139099121094
2014-05-12,21.18000030517578,21.709999084472656,21.0,21.610000610351562,15.542512893676758,189700,AMC,15.855855,15.578481674194338,0.0359687805175799,0.0
2014-05-15,21.299999237060547,21.6299991607666,21.25,21.459999084472656,15.434633255004883,195300,AMC,15.322003,15.297986030578615,0.0,0.13664722442626775
2014-05-16,21.40999984741211,21.450000762939453,21.1299991607666,21.270000457763672,15.297986030578613,262400,AMC,15.219732,15.794249534606935,0.0,-0.4962635040283221
2014-05-19,21.25,22.049999237060547,21.190000534057617,21.959999084472656,15.794249534606934,156400,AMC,15.163382,15.794249534606935,0.0,-1.7763568394002505e-15
2014-05-20,21.989999771118164,22.079999923706055,21.770000457763672,21.959999084472656,15.794249534606934,160800,AMC,15.163523,15.880553245544435,0.0,-0.08630371093750178
2014-05-28,23.18000030517578,23.239999771118164,22.389999389648438,23.0,16.54224967956543,192100,AMC,15.762654,16.283321380615234,0.0,0.2589282989501953
2014-06-06,23.110000610351562,24.280000686645508,23.010000228881836,24.0,17.41587257385254,415100,AMC,16.129477,17.546491622924805,0.0,-0.13061904907226562
2014-06-12,24.1200008392334,24.229999542236328,23.68000030517578,24.049999237060547,17.452150344848633,119300,AMC,16.799704,17.575515747070312,0.0,-0.12336540222167969
2014-06-25,24.1200008392334,24.450000762939453,24.0,24.440000534057617,17.735158920288086,91900,AMC,17.408829,17.807723999023438,0.0,-0.07256507873535156
2014-06-27,24.389999389648438,24.719999313354492,24.25,24.610000610351562,17.858522415161133,358400,AMC,17.406298,18.047197341918945,0.0,-0.1886749267578125
2014-07-07,24.75,24.75,24.040000915527344,24.06999969482422,17.466665267944336,147200,AMC,17.545937,17.118349075317383,-0.3483161926269531,0.0
2014-07-11,23.280000686645508,23.469999313354492,23.100000381469727,23.280000686645508,16.89339256286621,89600,AMC,17.133331,16.733749389648438,-0.15964317321777344,0.0
2014-07-15,23.0,23.15999984741211,22.270000457763672,22.3700008392334,16.233043670654297,129700,AMC,16.808054,16.17498779296875,-0.058055877685546875,0.0
2014-07-18,22.43000030517578,22.770000457763672,22.149999618530273,22.530000686645508,16.349151611328125,279000,AMC,16.281055,16.43622398376465,0.0,-0.08707237243652344
2014-07-25,22.440000534057617,23.059999465942383,22.440000534057617,23.010000228881836,16.69746208190918,174700,AMC,16.088005,16.748260498046875,0.0,-0.05079841613769531
2014-07-30,22.649999618530273,22.760000228881836,22.299999237060547,22.510000228881836,16.33463478088379,153600,AMC,16.22201,16.42896842956543,0.0,-0.09433364868164062
2014-07-31,23.25,23.25,22.09000015258789,22.639999389648438,16.42896842956543,308900,AMC,16.242931,16.69021224975586,0.0,-0.2612438201904297
2014-08-04,23.110000610351562,23.3799991607666,22.690000534057617,23.360000610351562,16.951444625854492,214000,AMC,16.281403,16.806310653686523,0.0,0.14513397216796875
2014-08-13,23.3700008392334,23.40999984741211,23.010000228881836,23.09000015258789,16.755523681640625,83200,AMC,16.698383,16.50153923034668,0.0,0.2539844512939453
2014-09-10,24.59000015258789,24.59000015258789,24.270000457763672,24.530000686645508,17.9504337310791,181900,AMC,17.4035,18.008974075317383,0.0,-0.05854034423828125
2014-09-12,24.549999237060547,24.700000762939453,24.020000457763672,24.610000610351562,18.008974075317383,402000,AMC,17.585062,18.001659393310547,0.0,0.0073146820068359375
2014-09-30,23.3799991607666,23.559999465942383,22.709999084472656,22.989999771118164,16.823501586914062,199300,AMC,17.042183,16.764955520629883,-0.05854606628417969,0.0
2014-10-01,23.0,23.06999969482422,22.760000228881836,22.90999984741211,16.764955520629883,273300,AMC,16.894474,16.977170944213867,0.21221542358398438,0.0
2014-10-02,22.860000610351562,23.260000228881836,22.450000762939453,23.200000762939453,16.977170944213867,243100,AMC,16.766264,17.130844116210938,0.0,-0.1536731719970703
2014-10-09,22.559999465942383,22.6200008392334,22.18000030517578,22.299999237060547,16.318574905395508,89100,AMC,16.502296,15.92341899871826,-0.39515590667724787,0.0
2014-10-16,21.780000686645508,23.040000915527344,21.399999618530273,22.790000915527344,16.67714500427246,325300,AMC,15.853269,16.24540138244629,0.0,0.4317436218261719
2014-10-22,23.329999923706055,23.540000915527344,22.299999237060547,22.440000534057617,16.4210262298584,145000,AMC,16.033401,16.84545135498047,0.0,-0.4244251251220703
2014-10-29,24.479999542236328,25.489999771118164,23.850000381469727,25.15999984741211,18.411447525024414,680600,AMC,16.83004,18.60171127319336,0.0,-0.1902637481689453
2014-10-30,25.170000076293945,25.469999313354492,24.670000076293945,25.420000076293945,18.60171127319336,150300,AMC,17.094622,18.58707618713379,0.0,0.014635086059570312
2014-11-04,24.959999084472656,25.239999771118164,24.3700008392334,24.520000457763672,17.943113327026367,297100,AMC,17.869444,17.86994171142578,0.0,0.07317161560058594
2014-11-10,25.700000762939453,25.790000915527344,25.0,25.600000381469727,18.733428955078125,101000,AMC,18.078802,18.91637420654297,0.0,-0.18294525146484375
2014-11-18,25.489999771118164,25.969999313354492,25.34000015258789,25.709999084472656,18.813920974731445,214000,AMC,18.46289,18.7773380279541,0.0,0.03658294677734375
2014-11-19,25.649999618530273,25.809999465942383,25.219999313354492,25.65999984741211,18.7773380279541,100000,AMC,18.469955,18.762704849243164,0.0,0.0146331787109375
2014-12-08,25.25,25.350000381469727,24.780000686645508,25.239999771118164,18.612672805786133,214300,AMC,18.664587,18.45781707763672,-0.15485572814941406,0.0
2014-12-11,24.75,25.360000610351562,24.75,24.860000610351562,18.33245086669922,150200,AMC,18.312433,18.369321823120117,0.0,-0.03687095642089844
2014-12-12,24.469999313354492,25.5,24.469999313354492,24.90999984741211,18.369321823120117,150700,AMC,18.208555,18.384069442749023,0.0,-0.01474761962890625
2014-12-16,24.979999542236328,25.0,24.190000534057617,24.200000762939453,17.845748901367188,205800,AMC,18.071402,18.73065948486328,0.8849105834960938,0.0
2014-12-17,24.639999389648438,25.6299991607666,24.209999084472656,25.399999618530273,18.73065948486328,481100,AMC,18.029171,19.106752395629883,0.0,-0.37609291076660156
2014-12-22,26.059999465942383,26.719999313354492,26.059999465942383,26.479999542236328,19.527084350585938,247200,AMC,18.30298,19.77781105041504,0.0,-0.25072669982910156
2015-01-02,26.260000228881836,26.299999237060547,24.93000030517578,25.6299991607666,18.900266647338867,420900,AMC,19.181795,18.4135684967041,-0.4866981506347656,0.0
2015-01-15,27.43000030517578,27.549999237060547,26.920000076293945,27.290000915527344,20.12439727783203,187000,AMC,19.281765,19.954790115356445,0.0,0.16960716247558594
2015-01-16,27.149999618530273,27.469999313354492,26.959999084472656,27.059999465942383,19.954790115356445,132500,AMC,19.492397,19.90317153930664,0.0,0.05161857604980469
2015-01-21,26.93000030517578,27.360000610351562,26.899999618530273,27.139999389648438,20.013784408569336,284500,AMC,19.74303,20.47836685180664,0.0,-0.4645824432373047
2015-01-23,27.690000534057617,28.829999923706055,27.56999969482422,28.299999237060547,20.86920166015625,258500,AMC,19.879606,20.99456214904785,0.0,-0.12536048889160156
2015-01-29,27.579999923706055,28.260000228881836,27.200000762939453,28.25,20.832332611083984,155100,AMC,20.2839,20.736465454101562,0.0,0.09586715698242188
2015-01-30,28.06999969482422,28.469999313354492,27.739999771118164,28.1200008392334,20.736465454101562,126100,AMC,20.334343,20.85445213317871,0.0,-0.11798667907714844
2015-02-02,28.280000686645508,28.479999542236328,27.25,28.280000686645508,20.85445213317871,328600,AMC,20.36648,21.392776489257812,0.0,-0.5383243560791016
2015-02-05,29.450000762939453,29.489999771118164,29.1299991607666,29.43000030517578,21.702499389648438,136700,AMC,20.651482,21.69512176513672,0.0,0.00737762451171875
2015-02-09,29.75,30.139999389648438,29.360000610351562,29.979999542236328,22.108078002929688,434600,AMC,20.983082,22.255563735961914,0.0,-0.14748573303222656
2015-02-13,30.329999923706055,31.030000686645508,30.329999923706055,30.6200008392334,22.58003044128418,421300,AMC,21.700058,22.786514282226562,0.0,-0.2064838409423828
2015-02-25,32.97999954223633,33.33000183105469,32.779998779296875,32.97999954223633,24.32036018371582,277400,AMC,23.220057,24.799692153930664,0.0,-0.47933197021484375
2015-03-04,34.91999816894531,35.650001525878906,34.7599983215332,35.04999923706055,25.84683609008789,288800,AMC,24.555729,25.861665725708008,0.0,-0.014829635620117188
2015-03-10,34.56999969482422,34.63999938964844,33.77000045776367,33.79999923706055,25.068096160888672,277700,AMC,25.09099,25.58725929260254,0.5191631317138672,0.0
2015-03-11,33.90999984741211,34.58000183105469,33.90999984741211,34.5,25.58725929260254,244600,AMC,25.066896,25.453758239746094,0.0,0.1335010528564453
2015-03-24,35.83000183105469,35.90999984741211,34.88999938964844,34.95000076293945,25.921003341674805,178200,AMC,25.600136,25.59467315673828,0.0,0.32633018493652344
2015-03-25,35.06999969482422,35.099998474121094,34.349998474121094,34.5099983215332,25.59467315673828,176800,AMC,25.637829,25.68367576599121,0.08900260925292969,0.0
2015-03-26,34.59000015258789,34.90999984741211,34.209999084472656,34.630001068115234,25.68367576599121,94200,AMC,25.605421,25.921003341674805,0.0,-0.23732757568359375
2015-03-31,35.45000076293945,35.90999984741211,35.15999984741211,35.4900016784668,26.32149887084961,202800,AMC,25.450123,25.780092239379883,0.0,0.5414066314697266
2015-04-02,34.75,35.310001373291016,34.65999984741211,35.18000030517578,26.091585159301758,119300,AMC,25.425055,26.23992347717285,0.0,-0.14833831787109375
2015-04-09,34.75,35.04999923706055,34.099998474121094,34.25,25.40184211730957,240100,AMC,25.416254,25.29059410095215,-0.11124801635742188,0.0
2015-04-13,33.41999816894531,33.68000030517578,32.650001525878906,33.439998626708984,24.80109977722168,446600,AMC,25.213629,24.98651123046875,0.1854114532470703,0.0
2015-04-22,33.2599983215332,33.2599983215332,32.7400016784668,32.900001525878906,24.400606155395508,95000,AMC,24.247444,24.4525203704834,0.0,-0.051914215087890625
2015-04-23,33.0,33.11000061035156,32.52000045776367,32.970001220703125,24.4525203704834,178300,AMC,24.171593,24.378353118896484,0.0,0.07416725158691406
2015-04-30,32.099998474121094,32.119998931884766,29.280000686645508,30.059999465942383,22.29429054260254,1006100,AMC,23.65761,22.806034088134766,0.5117435455322266,0.0
2015-05-19,29.75,30.059999465942383,29.270000457763672,29.399999618530273,21.80479621887207,174900,AMC,21.417328,21.849292755126953,0.0,-0.04449653625488281
2015-05-28,29.139999389648438,29.360000610351562,28.700000762939453,29.25,21.69354248046875,136000,AMC,21.460787,21.441381454467773,0.0,0.25216102600097656
2015-06-02,27.59000015258789,28.139999389648438,27.59000015258789,27.8700008392334,20.670053482055664,499600,AMC,21.180635,21.092796325683594,0.4227428436279297,0.0
2015-06-03,27.989999771118164,28.549999237060547,27.989999771118164,28.440000534057617,21.092796325683594,249300,AMC,21.016256,21.092796325683594,0.0,0.0
2015-06-10,28.59000015258789,28.59000015258789,28.079999923706055,28.219999313354492,21.077861785888672,232600,AMC,20.71924,21.339277267456055,0.0,-0.2614154815673828
2015-06-22,30.229999542236328,30.8799991607666,29.940000534057617,30.549999237060547,22.818164825439453,224200,AMC,21.24415,22.721067428588867,0.0,0.09709739685058594
2015-06-26,30.3700008392334,31.790000915527344,30.219999313354492,31.639999389648438,23.632299423217773,594300,AMC,22.049719,22.736005783081055,0.0,0.8962936401367188
2015-06-29,31.809999465942383,31.81999969482422,30.190000534057617,30.440000534057617,22.736005783081055,365800,AMC,22.22196,22.915264129638672,0.0,-0.1792583465576172
2015-06-30,30.770000457763672,30.829999923706055,30.239999771118164,30.68000030517578,22.915264129638672,295400,AMC,22.36128,22.691190719604492,0.0,0.2240734100341797
2015-07-01,30.940000534057617,31.100000381469727,30.25,30.3799991607666,22.691190719604492,280800,AMC,22.457264,22.98995590209961,0.0,-0.2987651824951172
2015-07-06,30.489999771118164,31.049999237060547,30.31999969482422,30.610000610351562,22.86298370361328,142200,AMC,22.541893,23.042240142822266,0.0,-0.17925643920898438
2015-07-16,32.7599983215332,32.83000183105469,32.27000045776367,32.61000061035156,24.356809616088867,169300,AMC,23.081196,24.513656616210938,0.0,-0.1568470001220703
2015-07-24,32.15999984741211,32.439998626708984,30.799999237060547,31.049999237060547,23.191625595092773,268700,AMC,23.753057,22.96755027770996,-0.2240753173828125,0.0
2015-07-30,30.739999771118164,32.290000915527344,30.5,31.690000534057617,23.669645309448242,576900,AMC,22.900839,24.08791732788086,0.0,-0.4182720184326172
2015-08-03,32.41999816894531,32.45000076293945,31.81999969482422,32.16999816894531,24.028162002563477,189200,AMC,22.798628,23.594955444335938,0.0,0.43320655822753906
2015-08-05,31.700000762939453,32.02000045776367,30.229999542236328,30.559999465942383,22.825632095336914,264700,AMC,22.95555,22.011505126953125,-0.8141269683837891,0.0
2015-08-06,30.75,31.100000381469727,28.8700008392334,29.469999313354492,22.011505126953125,499000,AMC,22.943314,22.101131439208984,0.08962631225585938,0.0
2015-08-21,29.309999465942383,29.90999984741211,28.700000762939453,29.270000457763672,21.86212158203125,570900,AMC,21.924929,20.913541793823242,-0.9485797882080078,0.0
2015-09-25,25.809999465942383,25.81999969482422,25.31999969482422,25.489999771118164,19.176254272460938,217600,AMC,19.669619,18.401382446289062,-0.774871826171875,0.0
2015-10-14,27.170000076293945,27.399999618530273,26.649999618530273,26.979999542236328,20.297191619873047,167700,AMC,19.921083,20.432601928710938,0.0,-0.13541030883789062
2015-11-09,27.0,27.18000030517578,26.520000457763672,26.760000228881836,20.13167953491211,256000,AMC,19.852154,20.537925720214844,0.0,-0.4062461853027344
2015-11-13,26.520000457763672,26.670000076293945,26.09000015258789,26.260000228881836,19.755531311035156,113000,AMC,19.899353,19.665254592895508,-0.09027671813964844,0.0
2015-11-16,26.190000534057617,26.229999542236328,25.799999237060547,26.139999389648438,19.665254592895508,123200,AMC,19.852762,19.48470115661621,-0.18055343627929688,0.0
2015-11-19,26.09000015258789,26.209999084472656,25.360000610351562,25.65999984741211,19.304149627685547,145000,AMC,19.539318,19.221393585205078,-0.08275604248046875,0.0
2015-11-25,24.920000076293945,25.479999542236328,24.739999771118164,25.260000228881836,19.00322723388672,213700,AMC,18.961687,18.845239639282227,0.0,0.1579875946044922
2015-12-14,23.09000015258789,23.40999984741211,22.40999984741211,22.90999984741211,17.375152587890625,173000,AMC,17.513718,18.300403594970703,0.9252510070800781,0.0
2015-12-31,23.6200008392334,24.200000762939453,23.5,24.0,18.201814651489258,228500,AMC,17.71512,17.57233428955078,0.0,0.6294803619384766
2016-01-04,23.670000076293945,23.760000228881836,22.68000030517578,23.170000076293945,17.57233428955078,457900,AMC,17.621,17.77710723876953,0.20477294921875,0.0
2016-01-08,22.75,22.979999542236328,22.299999237060547,22.3799991607666,16.973194122314453,293700,AMC,17.36142,16.904935836791992,-0.06825828552246094,0.0
2016-01-12,22.5,22.709999084472656,22.1200008392334,22.360000610351562,16.958024978637695,378000,AMC,17.138548,16.54848289489746,-0.4095420837402344,0.0
2016-02-02,21.06999969482422,21.190000534057617,20.440000534057617,20.850000381469727,15.812827110290527,224700,AMC,15.637124,15.94933795928955,0.0,-0.13651084899902344
2016-02-04,21.059999465942383,21.780000686645508,21.059999465942383,21.610000610351562,16.389209747314453,253500,AMC,15.7723,15.372949600219727,0.0,1.0162601470947266
2016-02-19,21.559999465942383,21.90999984741211,21.09000015258789,21.8700008392334,16.586402893066406,127400,AMC,15.80703,16.897350311279297,0.0,-0.3109474182128906
2016-02-22,22.020000457763672,22.479999542236328,21.90999984741211,22.280000686645508,16.897350311279297,162100,AMC,16.001032,16.71533203125,0.0,0.18201828002929688
2016-02-23,22.25,22.459999084472656,21.899999618530273,22.040000915527344,16.71533203125,222600,AMC,16.1852,17.10211944580078,0.0,-0.38678741455078125
2016-03-11,29.209999084472656,29.719999313354492,28.75,29.540000915527344,22.581558227539062,299300,AMC,20.862648,22.46689224243164,0.0,0.11466598510742188
2016-03-16,28.760000228881836,29.290000915527344,28.760000228881836,29.0,22.168760299682617,383700,AMC,21.809092,22.153470993041992,0.0,0.015289306640625
2016-03-17,28.950000762939453,29.280000686645508,28.799999237060547,28.979999542236328,22.153470993041992,377700,AMC,21.920757,22.482179641723633,0.0,-0.3287086486816406
2016-03-21,29.31999969482422,29.5,28.770000457763672,28.850000381469727,22.054094314575195,207700,AMC,21.972284,21.671876907348633,0.0,0.3822174072265625
2016-03-22,28.809999465942383,28.950000762939453,27.950000762939453,28.350000381469727,21.671876907348633,346600,AMC,21.919266,21.381385803222656,-0.29049110412597656,0.0
2016-03-28,28.31999969482422,29.0,28.18000030517578,28.729999542236328,21.962364196777344,224700,AMC,21.520855,22.130542755126953,0.0,-0.16817855834960938
2016-03-31,28.329999923706055,28.6299991607666,27.920000076293945,27.989999771118164,21.396677017211914,209800,AMC,21.302496,21.89356231689453,0.0,-0.4968852996826172
2016-04-26,27.1200008392334,27.549999237060547,26.649999618530273,27.420000076293945,20.96094512939453,268700,AMC,20.758278,21.41196632385254,0.0,-0.4510211944580078
2016-04-29,29.5,29.5,26.079999923706055,28.18000030517578,21.541919708251953,628900,AMC,20.744394,22.08467674255371,0.0,-0.5427570343017578
2016-05-10,29.219999313354492,29.950000762939453,29.149999618530273,29.93000030517578,22.87969207763672,189500,AMC,21.687094,22.665651321411133,0.0,0.21404075622558594
2016-05-13,29.200000762939453,29.360000610351562,28.969999313354492,29.309999465942383,22.40574073791504,150200,AMC,22.05526,22.421030044555664,0.0,-0.015289306640625
2016-05-20,28.030000686645508,28.31999969482422,27.84000015258789,28.229999542236328,21.580141067504883,285200,AMC,21.87834,21.518983840942383,-0.0611572265625,0.0
2016-06-15,26.6200008392334,27.0,26.440000534057617,26.860000610351562,20.67579460144043,124900,AMC,20.697317,20.960609436035156,0.28481483459472656,0.0
2016-06-21,27.3700008392334,27.600000381469727,26.68000030517578,27.100000381469727,20.860538482666016,84700,AMC,20.407412,20.72968101501465,0.0,0.1308574676513672
2016-06-27,26.59000015258789,26.59000015258789,25.75,26.020000457763672,20.029199600219727,246500,AMC,20.422184,20.406383514404297,0.3771839141845703,0.0
2016-07-01,27.68000030517578,28.260000228881836,27.350000381469727,28.190000534057617,21.6995792388916,212100,AMC,20.379938,21.099166870117188,0.0,0.6004123687744141
2016-07-06,27.139999389648438,27.43000030517578,26.969999313354492,27.110000610351562,20.86823272705078,75000,AMC,20.587866,21.23772430419922,0.0,-0.3694915771484375
2016-07-08,27.809999465942383,28.0,27.5,27.59000015258789,21.23772430419922,143300,AMC,20.743309,21.37628173828125,0.0,-0.13855743408203125
2016-07-15,30.75,30.84000015258789,30.0,30.6299991607666,23.57779884338379,198000,AMC,21.875174,23.523914337158203,0.0,0.05388450622558594
2016-07-21,29.889999389648438,30.420000076293945,29.81999969482422,30.079999923706055,23.15442657470703,176100,AMC,22.921024,23.554706573486328,0.0,-0.4002799987792969
2016-07-26,30.0,30.100000381469727,29.75,29.940000534057617,23.046659469604492,322200,AMC,22.95923,22.523225784301758,0.0,0.5234336853027344
2016-07-29,29.459999084472656,29.90999984741211,29.1299991607666,29.420000076293945,22.646387100219727,396300,AMC,22.607111,21.907411575317383,0.0,0.7389755249023438
2016-08-09,29.040000915527344,29.040000915527344,28.6200008392334,28.8700008392334,22.223018646240234,371500,AMC,21.652136,22.630990982055664,0.0,-0.4079723358154297
2016-08-12,29.6200008392334,29.809999465942383,29.43000030517578,29.799999237060547,22.938892364501953,265400,AMC,21.909842,22.869617462158203,0.0,0.06927490234375
2016-08-16,29.530000686645508,29.850000381469727,29.5,29.75,22.900407791137695,241300,AMC,22.180954,22.831127166748047,0.0,0.06928062438964844
2016-08-18,29.579999923706055,30.1200008392334,29.56999969482422,30.09000015258789,23.162126541137695,258000,AMC,22.384428,23.023571014404297,0.0,0.13855552673339844
2016-08-19,30.049999237060547,30.280000686645508,29.719999313354492,29.90999984741211,23.023571014404297,166800,AMC,22.462425,22.831127166748047,0.0,0.19244384765625
2016-09-02,30.6200008392334,30.700000762939453,30.360000610351562,30.5,23.63315773010254,117300,AMC,22.666157,23.65640640258789,0.0,-0.023248672485351562
2016-09-19,32.0,32.0,31.68000030517578,31.84000015258789,24.671466827392578,278000,AMC,23.619272,24.61722755432129,0.0,0.05423927307128906
2016-09-21,31.809999465942383,31.989999771118164,31.25,31.5,24.40802001953125,217800,AMC,23.892893,24.53199577331543,0.0,-0.12397575378417969
2016-09-22,31.790000915527344,31.950000762939453,31.5,31.65999984741211,24.53199577331543,158900,AMC,23.986238,24.27629280090332,0.0,0.2557029724121094
2016-09-23,31.479999542236328,31.790000915527344,31.329999923706055,31.329999923706055,24.27629280090332,186400,AMC,24.035765,23.733890533447266,0.0,0.5424022674560547
2016-10-06,32.0,32.650001525878906,31.8700008392334,32.459999084472656,25.151880264282227,214000,AMC,23.875896,24.98141098022461,0.0,0.1704692840576172
2016-10-11,32.349998474121094,32.5,31.450000762939453,31.5,24.40802001953125,205200,AMC,24.24469,24.717960357666016,0.0,-0.3099403381347656
2016-10-13,31.549999237060547,31.700000762939453,31.299999237060547,31.350000381469727,24.29178810119629,197000,AMC,24.297163,24.60173225402832,0.30994415283203125,0.0
2016-10-14,31.549999237060547,31.950000762939453,31.450000762939453,31.75,24.60173225402832,171100,AMC,24.25875,24.446758270263672,0.0,0.15497398376464844
2016-10-17,31.600000381469727,31.75,31.450000762939453,31.549999237060547,24.446758270263672,114700,AMC,24.199554,24.48550033569336,0.0,-0.0387420654296875
2016-11-01,31.600000381469727,31.600000381469727,30.5,30.700000762939453,23.788129806518555,223200,AMC,23.926062,23.71064567565918,-0.077484130859375,0.0
2016-11-04,30.950000762939453,31.799999237060547,30.950000762939453,31.299999237060547,24.25304412841797,250000,AMC,23.636202,24.872928619384766,0.0,-0.6198844909667969
2016-11-07,31.549999237060547,32.25,31.299999237060547,32.099998474121094,24.872928619384766,202600,AMC,23.608694,24.989160537719727,0.0,-0.11623191833496094
2016-11-08,32.349998474121094,32.900001525878906,31.600000381469727,32.25,24.989160537719727,400000,AMC,23.662992,25.880247116088867,0.0,-0.8910865783691406
2016-11-09,31.649999618530273,33.95000076293945,31.649999618530273,33.400001525878906,25.880247116088867,451500,AMC,23.804487,25.880247116088867,0.0,0.0
2016-11-28,35.0,35.08000183105469,33.849998474121094,33.900001525878906,26.267675399780273,192700,AMC,26.46729,26.771329879760742,0.5036544799804688,0.0
2016-11-29,33.95000076293945,34.630001068115234,33.95000076293945,34.54999923706055,26.771329879760742,463800,AMC,26.39337,26.306415557861328,0.0,0.46491432189941406
2016-11-30,34.79999923706055,34.79999923706055,33.849998474121094,33.95000076293945,26.306415557861328,277100,AMC,26.292942,26.111555099487305,0.0,0.19486045837402344
2016-12-07,33.849998474121094,33.849998474121094,32.599998474121094,32.650001525878906,25.449026107788086,787600,AMC,25.397852,25.02032470703125,0.0,0.42870140075683594
2016-12-16,31.950000762939453,32.349998474121094,31.700000762939453,31.899999618530273,24.864437103271484,511600,AMC,24.568842,25.87771987915039,0.0,-1.0132827758789062
2016-12-23,35.0,35.29999923706055,34.599998474121094,35.29999923706055,27.51456642150879,489700,AMC,25.370457,27.631479263305664,0.0,-0.116912841796875
2017-01-03,34.04999923706055,34.75,33.900001525878906,34.75,27.08586883544922,766100,AMC,26.47387,26.65717124938965,0.0,0.4286975860595703
2017-01-25,34.599998474121094,34.599998474121094,34.04999923706055,34.150001525878906,26.61820411682129,303400,AMC,25.95709,26.696142196655273,0.0,-0.07793807983398438
2017-01-26,34.25,34.599998474121094,34.150001525878906,34.25,26.696142196655273,338600,AMC,25.999865,26.501277923583984,0.0,0.19486427307128906
2017-02-13,31.399999618530273,31.5,31.100000381469727,31.350000381469727,24.435739517211914,1420100,AMC,24.39313,24.474708557128906,0.0,-0.03896903991699219
2017-02-28,31.149999618530273,31.5,30.950000762939453,31.350000381469727,24.435739517211914,3963500,AMC,23.84463,23.69525909423828,0.0,0.7404804229736328
2017-03-06,29.399999618530273,29.649999618530273,29.200000762939453,29.299999237060547,22.837865829467773,1125400,AMC,23.460575,22.954788208007812,0.11692237854003906,0.0
2017-03-07,29.299999237060547,29.649999618530273,29.25,29.450000762939453,22.954788208007812,1231200,AMC,23.238226,23.03272819519043,0.07793998718261719,0.0
2017-03-13,30.149999618530273,30.649999618530273,29.950000762939453,30.399999618530273,23.856725692749023,1909100,AMC,22.72864,23.974441528320312,0.0,-0.11771583557128906
2017-03-20,30.549999237060547,31.149999618530273,30.549999237060547,30.600000381469727,24.013683319091797,946800,AMC,23.190779,23.660537719726562,0.0,0.3531455993652344
2017-03-22,30.049999237060547,30.5,29.950000762939453,30.299999237060547,23.77825355529785,843100,AMC,23.356361,23.699777603149414,0.0,0.0784759521484375
2017-03-28,30.700000762939453,30.75,30.25,30.549999237060547,23.974441528320312,1312500,AMC,23.458881,24.288345336914062,0.0,-0.31390380859375
2017-03-29,30.549999237060547,31.0,30.399999618530273,30.950000762939453,24.288345336914062,1383500,AMC,23.487844,24.445301055908203,0.0,-0.15695571899414062
2017-03-30,30.899999618530273,31.25,30.700000762939453,31.149999618530273,24.445301055908203,1648900,AMC,23.535969,24.680727005004883,0.0,-0.2354259490966797
2017-04-05,31.75,31.799999237060547,30.8799991607666,31.0,24.327585220336914,1225900,AMC,24.00089,24.170629501342773,0.0,0.15695571899414062
2017-04-19,30.549999237060547,30.700000762939453,30.229999542236328,30.399999618530273,23.856725692749023,723200,AMC,23.42758,24.288345336914062,0.0,-0.43161964416503906
2017-04-20,30.600000381469727,31.450000762939453,30.5,30.950000762939453,24.288345336914062,1963300,AMC,23.421967,24.249109268188477,0.0,0.03923606872558594
2017-04-26,31.0,31.399999618530273,30.850000381469727,31.200000762939453,24.48453712463379,1091800,AMC,23.638138,24.09215545654297,0.0,0.3923816680908203
2017-04-28,30.700000762939453,30.700000762939453,30.0,30.299999237060547,23.77825355529785,1368100,AMC,23.718914,23.3858699798584,0.0,0.3923835754394531
2017-05-11,27.950000762939453,28.049999237060547,27.399999618530273,27.5,21.580923080444336,1439800,AMC,22.41795,21.110065460205078,-0.4708576202392578,0.0
2017-05-12,27.5,27.5,26.700000762939453,26.899999618530273,21.110065460205078,2004600,AMC,22.141848,20.756921768188477,-0.35314369201660156,0.0
2017-05-18,24.549999237060547,24.75,24.299999237060547,24.5,19.226638793945312,1664500,AMC,20.620523,19.854448318481445,0.6278095245361328,0.0
2017-05-22,25.299999237060547,25.600000381469727,24.899999618530273,25.0,19.619022369384766,1872200,AMC,19.85569,19.344350814819336,-0.2746715545654297,0.0
2017-05-23,25.049999237060547,25.299999237060547,24.600000381469727,24.649999618530273,19.344350814819336,1326800,AMC,19.590212,18.441879272460938,-0.9024715423583984,0.0
2017-06-20,24.549999237060547,24.600000381469727,23.25,23.600000381469727,18.68645668029785,2579000,AMC,18.809162,18.250965118408203,-0.43549156188964844,0.0
2017-06-27,23.600000381469727,23.950000762939453,23.200000762939453,23.350000381469727,18.488506317138672,1159800,AMC,18.404953,18.92399787902832,0.0,-0.43549156188964844
2017-06-30,23.700000762939453,23.700000762939453,22.649999618530273,22.75,18.013427734375,2173200,AMC,18.344467,18.369739532470703,0.3563117980957031,0.0
2017-07-03,22.899999618530273,23.350000381469727,22.799999237060547,23.200000762939453,18.369739532470703,837100,AMC,18.314264,17.775888442993164,0.0,0.5938510894775391
2017-07-06,22.299999237060547,22.299999237060547,21.450000762939453,21.649999618530273,17.1424503326416,2055900,AMC,18.12732,17.37999153137207,0.23754119873046875,0.0
2017-07-11,21.5,22.399999618530273,21.5,22.299999237060547,17.65711784362793,1072700,AMC,17.51807,16.944499969482422,0.0,0.7126178741455078
2017-07-24,20.399999618530273,20.799999237060547,20.25,20.5,16.23188018798828,1575800,AMC,16.076075,16.509010314941406,0.0,-0.277130126953125
2017-07-26,20.850000381469727,21.200000762939453,20.700000762939453,21.049999237060547,16.667367935180664,1625200,AMC,15.991635,16.390241622924805,0.0,0.2771263122558594
2017-07-28,20.549999237060547,20.75,20.450000762939453,20.5,16.23188018798828,1347600,AMC,16.06402,16.15269660949707,0.0,0.07918357849121094
2017-08-01,20.450000762939453,20.899999618530273,20.299999237060547,20.799999237060547,16.46941566467285,2154100,AMC,16.106754,12.035346031188965,0.0,4.434069633483887
2017-08-03,15.199999809265137,15.25,14.800000190734863,15.100000381469727,11.956165313720703,5685500,AMC,15.437647,12.866734504699707,0.9105691909790039,0.0
2017-08-15,13.699999809265137,13.850000381469727,12.899999618530273,13.25,10.491336822509766,3685900,AMC,11.648643,10.530926704406738,0.039589881896972656,0.0
2017-08-25,12.949999809265137,13.25,12.75,12.899999618530273,10.214207649230957,1975900,AMC,9.994716,10.332977294921875,0.0,-0.11876964569091797
2017-09-06,14.5,14.600000381469727,14.149999618530273,14.399999618530273,11.40190601348877,2983800,AMC,10.450205,10.926828384399414,0.0,0.47507762908935547
2017-09-11,13.550000190734863,14.399999618530273,13.5,14.100000381469727,11.328548431396484,2330000,AMC,10.85572,11.408891677856445,0.0,-0.08034324645996094
2017-09-25,15.75,16.149999618530273,15.050000190734863,15.149999618530273,12.172163009643555,4648900,AMC,12.610373,12.37302303314209,0.20086002349853516,0.0
2017-10-05,16.100000381469727,16.5,15.680000305175781,16.049999237060547,12.895261764526367,1880700,AMC,11.99513,12.212334632873535,0.0,0.682927131652832
2017-10-10,14.149999618530273,14.300000190734863,13.649999618530273,13.850000381469727,11.12768840789795,3450100,AMC,12.047299,11.047342300415039,-0.08034610748291016,0.0
2017-10-25,14.649999618530273,14.75,14.0,14.050000190734863,11.288375854492188,1687800,AMC,10.958635,11.810613632202148,0.0,-0.5222377777099609
2017-10-30,14.699999809265137,14.850000381469727,13.75,13.899999618530273,11.167859077453613,3914800,AMC,11.219189,11.167859077453613,0.0,0.0
2017-11-01,14.100000381469727,14.100000381469727,13.100000381469727,13.449999809265137,10.806309700012207,3739000,AMC,11.246146,10.324244499206543,-0.48206520080566406,0.0
2017-11-09,11.75,12.0,11.350000381469727,11.399999618530273,9.15925121307373,4525500,AMC,9.880476,8.837874412536621,-0.3213768005371094,0.0
2017-11-10,11.449999809265137,11.600000381469727,10.899999618530273,11.0,8.837874412536621,4079500,AMC,9.620797,9.360112190246582,0.5222377777099609,0.0
2017-11-20,12.800000190734863,12.899999618530273,12.300000190734863,12.75,10.243900299072266,2042800,AMC,9.444217,10.203727722167969,0.0,0.040172576904296875
2017-11-21,12.850000381469727,12.949999809265137,12.5,12.699999809265137,10.203727722167969,1624500,AMC,9.603395,10.605450630187988,0.0,-0.40172290802001953
2017-12-01,14.050000190734863,14.300000190734863,13.640000343322754,14.0,11.408320426940918,2264400,AMC,11.502085,11.652783393859863,0.2444629669189453,0.0
2017-12-11,14.600000381469727,15.449999809265137,14.600000381469727,15.25,12.426920890808105,3132000,AMC,11.588636,12.426920890808105,0.0,0.0
2017-12-12,15.649999618530273,16.0,15.149999618530273,15.25,12.426920890808105,3308800,AMC,11.623178,12.345433235168457,0.0,0.08148765563964844
2018-01-11,13.899999618530273,14.149999618530273,13.75,14.100000381469727,11.489808082580566,2149000,AMC,11.42184,11.775016784667969,0.0,-0.28520870208740234
2018-02-05,13.800000190734863,13.899999618530273,13.199999809265137,13.350000381469727,10.878649711608887,1623600,AMC,10.369127,11.204602241516113,0.0,-0.32595252990722656
2018-02-15,14.399999618530273,14.880000114440918,14.229999542236328,14.649999618530273,11.937992095947266,2145600,AMC,11.1227865,11.734272956848145,0.0,0.2037191390991211
2018-02-28,15.800000190734863,15.880000114440918,14.850000381469727,15.0,12.223199844360352,3744100,AMC,11.860097,12.01948070526123,0.0,0.2037191390991211
2018-03-07,15.899999618530273,15.979999542236328,15.25,15.699999809265137,12.793618202209473,1385500,AMC,12.348325,12.671384811401367,0.0,0.12223339080810547
2018-03-15,15.050000190734863,15.149999618530273,14.649999618530273,14.75,12.17608642578125,1052900,AMC,12.432391,11.722062110900879,-0.4540243148803711,0.0
2018-03-26,14.100000381469727,14.149999618530273,13.75,13.949999809265137,11.5156888961792,946600,AMC,11.422958,11.226764678955078,0.0,0.2889242172241211
2018-04-02,13.949999809265137,14.600000381469727,13.949999809265137,14.149999618530273,11.68078899383545,1864100,AMC,11.18322,12.588833808898926,0.0,-0.9080448150634766
2018-04-04,15.0,15.800000190734863,14.800000190734863,15.399999618530273,12.712658882141113,2902800,AMC,11.356868,13.496881484985352,0.0,-0.7842226028442383
2018-04-17,17.399999618530273,17.700000762939453,17.149999618530273,17.399999618530273,14.363656997680664,1547200,AMC,13.657594,14.487478256225586,0.0,-0.12382125854492188
2018-04-26,17.25,17.5,17.100000381469727,17.200000762939453,14.198556900024414,873800,AMC,13.969888,14.198556900024414,0.0,0.0
2018-05-08,17.600000381469727,17.600000381469727,16.5,16.799999237060547,13.868353843688965,4724600,AMC,13.597303,13.249232292175293,0.0,0.6191215515136719
2018-05-15,16.399999618530273,16.700000762939453,16.299999237060547,16.549999237060547,13.661980628967285,920100,AMC,13.398713,13.703254699707031,0.0,-0.041274070739746094
2018-05-18,16.600000381469727,16.700000762939453,15.949999809265137,16.100000381469727,13.290507316589355,1468300,AMC,13.3625,13.249232292175293,-0.0412750244140625,0.0
2018-06-07,14.699999809265137,14.880000114440918,14.5,14.649999618530273,12.093535423278809,1247500,AMC,11.883163,12.093535423278809,0.0,0.0
2018-06-28,15.649999618530273,16.200000762939453,15.649999618530273,16.149999618530273,13.516304016113281,1088900,AMC,13.532175,13.307074546813965,-0.2092294692993164,0.0
2018-07-02,15.850000381469727,15.899999618530273,15.550000190734863,15.75,13.181536674499512,1158800,AMC,13.35307,13.265228271484375,0.08369159698486328,0.0
2018-07-05,16.0,16.850000381469727,16.0,16.799999237060547,14.060304641723633,1623500,AMC,13.18704,14.478766441345215,0.0,-0.41846179962158203
2018-07-10,17.299999237060547,17.399999618530273,17.0,17.350000381469727,14.520613670349121,896900,AMC,13.4709835,14.562457084655762,0.0,-0.041843414306640625
2018-07-13,17.049999237060547,17.149999618530273,16.520000457763672,17.049999237060547,14.269536018371582,1442600,AMC,13.980957,13.97661304473877,0.0,0.2929229736328125
2018-07-18,16.649999618530273,16.799999237060547,16.100000381469727,16.350000381469727,13.683691024780273,1443000,AMC,14.055059,13.76738166809082,0.08369064331054688,0.0
2018-07-20,16.399999618530273,16.450000762939453,15.899999618530273,15.949999809265137,13.348919868469238,1299900,AMC,13.859592,13.014151573181152,-0.33476829528808594,0.0
2018-07-24,15.5,15.699999809265137,15.300000190734863,15.5,12.972306251525879,1607600,AMC,13.524702,12.763073921203613,-0.20923233032226562,0.0
2018-07-25,15.550000190734863,15.680000305175781,15.199999809265137,15.25,12.763073921203613,1408200,AMC,13.330791,13.139690399169922,0.3766164779663086,0.0
2018-07-26,15.300000190734863,15.930000305175781,15.25,15.699999809265137,13.139690399169922,1279200,AMC,13.151474,13.139690399169922,0.0,0.0
2018-07-27,15.75,15.949999809265137,15.369999885559082,15.699999809265137,13.139690399169922,1088800,AMC,13.009918,12.846766471862793,0.0,0.2929239273071289
2018-07-31,15.449999809265137,16.799999237060547,15.449999809265137,16.299999237060547,13.64184284210205,3677200,AMC,12.850599,13.432612419128418,0.0,0.2092304229736328
2018-08-02,15.850000381469727,16.850000381469727,15.649999618530273,16.549999237060547,13.85107421875,3211100,AMC,12.936227,14.353226661682129,0.0,-0.5021524429321289
2018-08-06,17.149999618530273,17.700000762939453,16.950000762939453,17.299999237060547,14.478766441345215,2086700,AMC,13.241636,14.395073890686035,0.0,0.08369255065917969
2018-08-07,17.399999618530273,17.950000762939453,17.149999618530273,17.200000762939453,14.395073890686035,2166500,AMC,13.4731245,14.646151542663574,0.0,-0.25107765197753906
2018-08-24,19.149999618530273,19.399999618530273,19.0,19.149999618530273,16.02707290649414,1301000,AMC,15.327038,15.650459289550783,0.0,0.3766136169433576
2018-09-05,19.200000762939453,20.450000762939453,18.670000076293945,19.299999237060547,16.15261459350586,4047900,AMC,15.689753,16.52923011779785,0.0,-0.3766155242919922
2018-09-12,19.700000762939453,20.149999618530273,19.600000381469727,20.049999237060547,16.95197105407715,1081300,AMC,16.204546,16.994245529174805,0.0,-0.04227447509765625
2018-09-17,19.75,20.049999237060547,19.149999618530273,19.950000762939453,16.867422103881836,2302800,AMC,16.53647,16.90969467163086,0.0,-0.04227256774902344
2018-10-08,19.530000686645508,19.860000610351562,19.170000076293945,19.600000381469727,17.86876678466797,1567500,AMC,17.868738,17.87788200378418,0.0,-0.009115219116210938
2018-10-09,19.6299991607666,19.850000381469727,19.540000915527344,19.610000610351562,17.87788200378418,998300,AMC,17.837877,17.09384536743164,0.0,0.7840366363525391
2018-10-11,18.549999237060547,18.84000015258789,18.399999618530273,18.40999984741211,16.783878326416016,1535800,AMC,17.649708,17.194129943847656,0.4102516174316406,0.0
2018-10-15,18.84000015258789,19.31999969482422,18.6299991607666,19.270000457763672,17.567914962768555,1577300,AMC,17.34521,18.37018585205078,0.0,-0.8022708892822266
2018-10-29,18.06999969482422,18.969999313354492,18.059999465942383,18.719999313354492,17.066492080688477,1544600,AMC,17.189577,17.540565490722656,0.4740734100341797,0.0
2018-11-02,19.350000381469727,19.8799991607666,18.639999389648438,19.0,17.321762084960938,1429500,AMC,16.967684,17.485864639282227,0.0,-0.16410255432128906
2018-11-29,13.75,14.25,13.739999771118164,13.960000038146973,12.726937294006348,1061600,AMC,12.381277,12.444318771362305,0.0,0.28261852264404297
2018-12-24,12.279999732971191,12.539999961853027,12.0600004196167,12.260000228881836,11.332010269165039,861400,AMC,12.540572,11.720220565795898,0.3882102966308594,0.0
2019-01-03,12.800000190734863,13.539999961853027,12.630000114440918,13.0600004196167,12.071456909179688,1392400,AMC,11.288123,12.515124320983887,0.0,-0.4436674118041992
2019-01-04,13.220000267028809,13.6899995803833,13.020000457763672,13.539999961853027,12.515124320983887,1025000,AMC,11.347875,13.051223754882812,0.0,-0.5360994338989258
2019-01-11,13.760000228881836,14.079999923706055,13.609999656677246,14.029999732971191,12.968035697937012,578600,AMC,12.490749,13.060464859008789,0.0,-0.09242916107177734
2019-02-04,14.170000076293945,14.460000038146973,14.020000457763672,14.350000381469727,13.263813972473145,858800,AMC,12.861957,13.005006790161133,0.0,0.2588071823120117
2019-02-11,13.739999771118164,13.789999961853027,12.979999542236328,13.170000076293945,12.173130989074707,1696300,AMC,12.680433,12.256317138671875,0.08318614959716797,0.0
2019-02-13,13.300000190734863,13.510000228881836,13.149999618530273,13.510000228881836,12.487394332885742,1515300,AMC,12.4284,12.616798400878906,0.0,-0.12940406799316406
2019-02-19,13.720000267028809,13.859999656677246,13.180000305175781,13.199999809265137,12.200859069824219,2049200,AMC,12.274306,12.635283470153809,0.43442440032958984,0.0
2019-02-20,13.319999694824219,13.880000114440918,13.25,13.670000076293945,12.635283470153809,1771600,AMC,12.271812,12.66301441192627,0.0,-0.027730941772460938
2019-02-26,13.640000343322754,13.789999961853027,13.079999923706055,13.5600004196167,12.533610343933105,1943000,AMC,12.401758,12.820146560668945,0.0,-0.28653621673583984
2019-03-13,14.350000381469727,14.75,14.270000457763672,14.430000305175781,13.520466804504395,1285800,AMC,13.636687,13.567315101623535,0.046848297119140625,0.0
2019-03-18,14.470000267028809,15.029999732971191,14.380000114440918,15.0,14.05453872680664,3239200,AMC,13.415632,13.820297241210938,0.0,0.23424148559570312
2019-03-20,14.710000038146973,15.149999618530273,14.6899995803833,14.960000038146973,14.017061233520508,1302900,AMC,13.427648,14.448066711425781,0.0,-0.43100547790527344
2019-04-02,15.0,15.0,14.619999885559082,14.779999732971191,13.848405838012695,1189600,AMC,13.822393,13.68912124633789,0.0,0.1592845916748047
2019-04-05,15.010000228881836,15.119999885559082,14.8100004196167,14.979999542236328,14.035799026489258,987000,AMC,13.716456,15.281968116760254,0.0,-1.246169090270996
2019-04-08,15.350000381469727,16.799999237060547,15.319999694824219,16.309999465942383,15.281968116760254,3619200,AMC,13.760004,15.13205337524414,0.0,0.14991474151611328
2019-05-10,13.579999923706055,13.930000305175781,13.289999961853027,13.819999694824219,12.948915481567383,2255200,AMC,13.499287,12.45232105255127,-0.4965944290161133,0.0
2019-05-30,12.0600004196167,12.390000343322754,11.90999984741211,12.010000228881836,11.25300121307373,1622200,AMC,11.785567,11.22489070892334,-0.028110504150390625,0.0
2019-06-05,11.850000381469727,11.869999885559082,11.130000114440918,11.180000305175781,10.475316047668457,3452700,AMC,11.152717,10.390989303588867,-0.08432674407958984,0.0
2019-06-06,11.180000305175781,11.199999809265137,10.699999809265137,11.09000015258789,10.390989303588867,4026100,AMC,10.983401,10.257404327392578,-0.13358497619628906,0.0
2019-06-11,11.0,11.180000305175781,10.970000267028809,11.039999961853027,10.5341157913208,1514300,AMC,10.464736,10.200154304504395,0.0,0.33396148681640625
2019-06-24,10.640000343322754,10.65999984741211,9.970000267028809,10.010000228881836,9.551314353942871,2909000,AMC,10.301611,9.045599937438965,-0.5057144165039062,0.0
2019-07-02,9.229999542236328,9.300000190734863,9.039999961853027,9.210000038146973,8.787971496582031,2061700,AMC,9.058287,8.683012962341309,-0.10495853424072266,0.0
2019-07-03,9.229999542236328,9.3100004196167,9.0,9.100000381469727,8.683012962341309,1957900,AMC,8.873504,8.96926498413086,0.2862520217895508,0.0
2019-07-10,9.020000457763672,9.319999694824219,8.949999809265137,9.220000267028809,8.797513961791992,2153600,AMC,8.466069,9.016974449157715,0.0,-0.21946048736572266
2019-07-15,9.390000343322754,9.529999732971191,9.0600004196167,9.489999771118164,9.05514144897461,2266500,AMC,8.486013,9.331852912902832,0.0,-0.27671146392822266
2019-07-22,10.640000343322754,10.899999618530273,10.069999694824219,10.40999984741211,9.932984352111816,5519500,AMC,9.014466,9.828025817871094,0.0,0.10495853424072266
2019-07-31,11.75,11.979999542236328,11.550000190734863,11.829999923706055,11.28791618347168,2818700,AMC,10.225648,10.744035720825195,0.0,0.5438804626464844
2019-08-13,11.720000267028809,12.260000228881836,11.550000190734863,11.670000076293945,11.135247230529785,3037700,AMC,10.911812,10.257404327392578,0.0,0.877842903137207
2019-08-20,11.380000114440918,11.539999961853027,11.260000228881836,11.34000015258789,10.820369720458984,1253500,AMC,10.604549,10.887162208557129,0.0,-0.06679248809814453
2019-08-21,11.399999618530273,11.569999694824219,11.229999542236328,11.40999984741211,10.887162208557129,1652900,AMC,10.553478,10.982579231262207,0.0,-0.09541702270507812
2019-08-22,11.4399995803833,11.600000381469727,11.229999542236328,11.510000228881836,10.982579231262207,2147700,AMC,10.532241,10.50549030303955,0.0,0.47708892822265625
2019-09-05,11.90999984741211,12.0600004196167,11.800000190734863,12.020000457763672,11.469210624694824,2390000,AMC,10.538764,11.178112983703613,0.0,0.29109764099121094
2019-09-20,10.760000228881836,11.149999618530273,10.619999885559082,10.850000381469727,10.527997970581055,2292800,AMC,10.962973,10.40185546875,-0.1261425018310547,0.0
2019-09-24,10.800000190734863,10.90999984741211,10.619999885559082,10.710000038146973,10.392152786254883,1563900,AMC,10.677621,10.489184379577637,0.0970315933227539,0.0
2019-09-27,10.869999885559082,11.050000190734863,10.680000305175781,10.779999732971191,10.460074424743652,956000,AMC,10.330181,10.382448196411133,0.0,0.07762622833251953
2019-10-03,10.140000343322754,10.180000305175781,9.8100004196167,9.930000305175781,9.635300636291504,2782000,AMC,10.092746,9.528564453125,-0.1067361831665039,0.0
2019-10-15,9.050000190734863,9.489999771118164,8.970000267028809,9.170000076293945,8.897855758666992,4099100,AMC,8.968519,9.062809944152832,0.16495418548583984,0.0
2019-10-18,9.319999694824219,9.449999809265137,9.199999809265137,9.359999656677246,9.082216262817383,1763900,AMC,8.743433,8.946372032165527,0.0,0.13584423065185547
2019-10-22,9.210000038146973,9.90999984741211,9.1899995803833,9.760000228881836,9.470345497131348,2210100,AMC,8.73294,9.577081680297852,0.0,-0.1067361831665039
2019-10-24,9.899999618530273,9.930000305175781,9.329999923706055,9.600000381469727,9.315093994140625,2546900,AMC,8.854562,9.431532859802246,0.0,-0.1164388656616211
2019-11-04,9.739999771118164,9.800000190734863,9.489999771118164,9.75,9.46064281463623,2042200,AMC,9.112496,9.489752769470215,0.0,-0.029109954833984375
2019-11-05,9.789999961853027,10.09000015258789,9.760000228881836,9.779999732971191,9.489752769470215,2287700,AMC,9.106915,9.402421951293945,0.0,0.08733081817626953
2019-11-29,8.260000228881836,8.399999618530273,8.079999923706055,8.180000305175781,8.130122184753418,2408200,AMC,7.6590495,8.617134094238281,0.0,-0.4870119094848633
2019-12-06,7.880000114440918,8.149999618530273,7.880000114440918,8.050000190734863,8.000914573669434,1573400,AMC,7.764985,8.179816246032715,0.0,-0.17890167236328125
2019-12-26,7.550000190734863,7.559999942779541,7.320000171661377,7.340000152587891,7.295244216918945,3305800,AMC,7.5092854,7.25548791885376,-0.03975629806518555,0.0
2019-12-27,7.300000190734863,7.400000095367432,7.199999809265137,7.300000190734863,7.25548791885376,3910500,AMC,7.386154,7.19585371017456,-0.05963420867920011,0.0
2020-01-31,6.809999942779541,6.869999885559082,6.5,6.519999980926514,6.480244159698486,1883300,AMC,6.364605,6.410670757293701,0.0,0.06957340240478516
2020-02-04,6.460000038146973,6.690000057220459,6.389999866485596,6.650000095367432,6.6094512939453125,2004400,AMC,6.28223,6.957317352294922,0.0,-0.3478660583496094
2020-02-06,7.03000020980835,7.130000114440918,6.730000019073486,6.75,6.708841323852539,2713400,AMC,6.2788906,6.510061264038086,0.0,0.19878005981445312
2020-02-10,6.550000190734863,6.829999923706055,6.46999979019165,6.789999961853027,6.748597621917725,1360300,AMC,6.308199,6.897683143615723,0.0,-0.14908552169799805
2020-03-02,6.309999942779541,6.320000171661377,5.630000114440918,6.110000133514404,6.072743892669678,4585400,AMC,6.343935,5.774573326110839,-0.2981705665588388,0.0
2020-03-05,5.599999904632568,5.610000133514404,4.75,4.920000076293945,4.889999866485596,5853100,AMC,5.798135,4.53000020980835,-0.3599996566772461,0.0
2020-03-10,4.170000076293945,4.289999961853027,3.759999990463257,4.199999809265137,4.199999809265137,3687000,AMC,4.942476,3.640000104904175,-0.5599997043609619,0.0
2020-03-13,3.140000104904175,3.2699999809265137,2.799999952316284,3.2200000286102295,3.2200000286102295,6158300,AMC,3.8924556,2.5999999046325684,-0.6200001239776611,0.0
2020-03-18,2.2799999713897705,3.0,2.109999895095825,2.4700000286102295,2.4700000286102295,7753500,AMC,2.9281356,3.369999885559082,0.8999998569488525,0.0
2020-04-01,3.0,3.0399999618530273,2.5,2.619999885559082,2.619999885559082,5898600,AMC,2.9298496,2.240000009536743,-0.37999987602233887,0.0
2020-04-03,2.319999933242798,2.3399999141693115,2.0,2.2699999809265137,2.2699999809265137,7493400,AMC,2.6850479,2.880000114440918,0.6100001335144043,0.0
2020-04-08,3.049999952316284,3.319999933242798,2.799999952316284,3.299999952316284,3.299999952316284,7997600,AMC,2.3569295,2.5999999046325684,0.0,0.7000000476837158
2020-04-29,4.539999961853027,5.53000020980835,4.46999979019165,5.190000057220459,5.190000057220459,27162400,AMC,2.788795,4.920000076293945,0.0,0.26999998092651367
2020-05-20,4.690000057220459,4.75,4.590000152587891,4.659999847412109,4.659999847412109,3489500,AMC,4.1591015,4.630000114440918,0.0,0.029999732971191406
2020-05-22,4.659999847412109,4.679999828338623,4.559999942779541,4.579999923706055,4.579999923706055,2408800,AMC,4.0448465,5.110000133514404,0.0,-0.5300002098083496
2020-06-05,5.78000020980835,6.150000095367432,5.639999866485596,5.909999847412109,5.909999847412109,9240900,AMC,4.943466,6.449999809265137,0.0,-0.5399999618530273
2020-06-19,6.199999809265137,6.25,5.460000038146973,5.519999980926514,5.519999980926514,13137400,AMC,5.3280115,5.329999923706055,0.0,0.19000005722045898
2020-06-26,4.260000228881836,4.690000057220459,4.150000095367432,4.179999828338623,4.179999828338623,5601000,AMC,4.7871895,4.420000076293945,0.24000024795532227,0.0
2020-07-08,4.489999771118164,4.519999980926514,4.199999809265137,4.429999828338623,4.429999828338623,5586800,AMC,3.9507833,4.570000171661377,0.0,-0.1400003433227539
2020-07-23,4.079999923706055,4.179999828338623,4.0,4.059999942779541,4.059999942779541,3614300,AMC,3.7969651,4.0,0.0,0.059999942779541016
2020-07-27,4.010000228881836,4.03000020980835,3.809999942779541,3.869999885559082,3.869999885559082,2980500,AMC,3.6907873,4.150000095367432,0.0,-0.2800002098083496
2020-08-03,4.050000190734863,4.199999809265137,3.859999895095825,4.110000133514404,4.110000133514404,4047100,AMC,3.6077337,4.099999904632568,0.0,0.010000228881835938
2020-08-11,4.699999809265137,4.849999904632568,4.539999961853027,4.559999942779541,4.559999942779541,5794800,AMC,3.8580616,4.639999866485596,0.0,-0.07999992370605469
2020-08-17,5.71999979019165,5.849999904632568,5.429999828338623,5.599999904632568,5.599999904632568,7159200,AMC,4.4196463,5.349999904632568,0.0,0.25
2020-08-25,5.460000038146973,5.579999923706055,5.210000038146973,5.539999961853027,5.539999961853027,5296900,AMC,5.0181117,5.599999904632568,0.0,-0.059999942779541016
2020-09-02,7.010000228881836,7.710000038146973,6.460000038146973,7.039999961853027,7.039999961853027,43056200,AMC,5.673905,6.5999999046325675,0.0,0.4400000572204599
2020-09-08,6.760000228881836,6.949999809265137,6.369999885559082,6.420000076293945,6.420000076293945,6667400,AMC,6.1616035,6.260000228881836,0.0,0.15999984741210938
2020-09-09,6.539999961853027,6.539999961853027,6.110000133514404,6.260000228881836,6.260000228881836,5578200,AMC,6.223314,5.940000057220459,0.0,0.32000017166137695
2020-09-11,6.059999942779541,6.070000171661377,5.599999904632568,5.789999961853027,5.789999961853027,4863000,AMC,6.133399,5.539999961853027,-0.25,0.0
2020-09-15,5.599999904632568,5.869999885559082,5.519999980926514,5.519999980926514,5.519999980926514,5099300,AMC,5.830391,5.760000228881836,0.24000024795532227,0.0
2020-09-18,5.710000038146973,5.739999771118164,5.570000171661377,5.670000076293945,5.670000076293945,2428500,AMC,5.387438,5.320000171661377,0.0,0.34999990463256836
2020-09-28,5.039999961853027,5.039999961853027,4.610000133514404,4.909999847412109,4.909999847412109,4676500,AMC,4.72353,4.860000133514404,0.0,0.04999971389770508
2020-10-02,4.480000019073486,4.659999847412109,4.420000076293945,4.650000095367432,4.650000095367432,3576000,AMC,4.4310594,4.130000114440918,0.0,0.5199999809265137
2020-10-06,4.260000228881836,4.269999980926514,4.050000190734863,4.059999942779541,4.059999942779541,8404200,AMC,4.2801695,4.039999961853027,-0.019999980926513672,0.0
2020-10-07,4.079999923706055,4.110000133514404,3.940000057220459,4.039999961853027,4.039999961853027,6917700,AMC,4.180523,4.139999866485596,0.09999990463256836,0.0
2020-10-14,3.0899999141693115,3.200000047683716,2.6600000858306885,2.9600000381469727,2.9600000381469727,31709400,AMC,3.6606817,2.7799999713897705,-0.18000006675720215,0.0
2020-10-19,3.309999942779541,3.880000114440918,3.2300000190734863,3.5399999618530273,3.5399999618530273,40385100,AMC,3.2004697,3.0899999141693115,0.0,0.4500000476837158
2020-10-20,3.299999952316284,3.309999942779541,3.049999952316284,3.0899999141693115,3.0899999141693115,15978800,AMC,3.1034708,3.0,-0.08999991416931152,0.0
2020-10-28,2.690000057220459,2.740000009536743,2.5799999237060547,2.609999895095825,2.609999895095825,8141100,AMC,2.4832532,2.5199999809265137,0.0,0.08999991416931152
2020-10-29,2.6500000953674316,2.680000066757202,2.4800000190734863,2.5199999809265137,2.5199999809265137,9019300,AMC,2.3777277,2.359999895095825,0.0,0.16000008583068848
2020-11-12,3.069999933242798,3.069999933242798,2.9200000762939453,2.940000057220459,2.940000057220459,14729000,AMC,2.771684,2.9700000286102295,0.0,-0.029999971389770508
2020-11-18,3.0799999237060547,3.369999885559082,3.009999990463257,3.259999990463257,3.259999990463257,31717300,AMC,2.77384,3.190000057220459,0.0,0.06999993324279785
2020-11-19,3.1600000858306885,3.380000114440918,3.1500000953674316,3.190000057220459,3.190000057220459,13986400,AMC,2.708324,3.3499999046325684,0.0,-0.15999984741210938
2020-11-27,4.539999961853027,4.619999885559082,4.360000133514404,4.449999809265137,4.449999809265137,10097400,AMC,3.1778555,4.269999980926514,0.0,0.17999982833862305
2020-12-14,4.010000228881836,4.010000228881836,3.0,3.190000057220459,3.190000057220459,67159000,AMC,3.4900796,2.859999895095825,-0.3300001621246338,0.0
2020-12-17,2.799999952316284,2.950000047683716,2.740000009536743,2.8499999046325684,2.8499999046325684,23799300,AMC,3.2550044,2.799999952316284,-0.04999995231628418,0.0
2020-12-18,2.8499999046325684,2.8499999046325684,2.759999990463257,2.799999952316284,2.799999952316284,21941700,AMC,3.0645487,2.680000066757202,-0.11999988555908203,0.0
2020-12-23,2.5799999237060547,2.6500000953674316,2.5399999618530273,2.559999942779541,2.559999942779541,15724800,AMC,2.4370432,2.509999990463257,0.0,0.04999995231628418
2020-12-29,2.440000057220459,2.4600000381469727,2.2799999713897705,2.2899999618530273,2.2899999618530273,21086100,AMC,2.005267,2.1600000858306885,0.0,0.12999987602233887
2021-01-20,3.2899999618530273,3.3399999141693115,2.75,2.9700000286102295,2.9700000286102295,181862200,AMC,2.8609543,2.9800000190734863,0.0,-0.009999990463256836
2021-01-26,5.090000152587891,5.190000057220459,4.369999885559082,4.960000038146973,4.960000038146973,456850200,AMC,5.1903386,19.899999618530273,14.9399995803833,0.0
2021-01-27,20.34000015258789,20.360000610351562,11.010000228881836,19.899999618530273,19.899999618530273,1222342500,AMC,7.7536173,8.630000114440918,0.0,11.269999504089355
2021-02-02,9.479999542236328,10.100000381469727,6.0,7.820000171661377,7.820000171661377,462775900,AMC,16.35098,8.970000267028809,1.1500000953674316,0.0
2021-02-10,5.710000038146973,6.590000152587891,5.449999809265137,5.800000190734863,5.800000190734863,152810800,AMC,5.7443886,5.610000133514404,0.0,0.19000005722045898
2021-02-16,6.03000020980835,6.050000190734863,5.489999771118164,5.650000095367432,5.650000095367432,61165700,AMC,2.5768661,5.550000190734863,0.0,0.09999990463256836
2021-02-22,5.929999828338623,6.679999828338623,5.75,6.550000190734863,6.550000190734863,173409000,AMC,3.5807114,7.699999809265137,0.0,-1.1499996185302734
2021-02-23,6.96999979019165,7.860000133514404,6.010000228881836,7.699999809265137,7.699999809265137,264876400,AMC,4.5376368,9.09000015258789,0.0,-1.390000343322754
2021-02-25,10.890000343322754,11.0,7.849999904632568,8.289999961853027,8.289999961853027,445717400,AMC,7.561827,8.010000228881836,0.0,0.2799997329711914
2021-03-05,8.079999923706055,8.270000457763672,7.630000114440918,8.050000190734863,8.050000190734863,59734100,AMC,8.913101,9.289999961853027,1.239999771118164,0.0
2021-03-10,11.020000457763672,12.470000267028809,9.510000228881836,9.850000381469727,9.850000381469727,261918600,AMC,8.296228,10.279999732971191,0.0,-0.42999935150146484
2021-03-24,10.819999694824219,11.210000038146973,8.930000305175781,9.020000457763672,9.020000457763672,81850700,AMC,13.041174,10.9399995803833,1.919999122619629,0.0
2021-03-25,8.960000038146973,11.319999694824219,8.949999809265137,10.9399995803833,10.9399995803833,131192800,AMC,12.589208,10.239999771118164,-0.6999998092651367,0.0
2021-03-29,10.319999694824219,10.760000228881836,10.09000015258789,10.350000381469727,10.350000381469727,37330700,AMC,11.524135,10.350000381469727,0.0,0.0
2021-04-09,9.600000381469727,9.739999771118164,9.239999771118164,9.420000076293945,9.420000076293945,29254600,AMC,9.71054,8.619999885559082,-0.8000001907348633,0.0
2021-04-16,10.0,10.029999732971191,9.09000015258789,9.329999923706055,9.329999923706055,40696700,AMC,9.295945,9.65999984741211,0.0,-0.3299999237060547
2021-04-26,10.6899995803833,11.960000038146973,10.569999694824219,11.5,11.5,78592900,AMC,9.6261215,11.460000038146973,0.0,0.039999961853027344
2021-05-20,12.59000015258789,12.989999771118164,12.029999732971191,12.550000190734863,12.550000190734863,61419700,AMC,13.888909,12.079999923706055,-0.4700002670288086,0.0
2021-05-21,12.609999656677246,12.84000015258789,12.050000190734863,12.079999923706055,12.079999923706055,53937700,AMC,13.853667,13.680000305175781,1.6000003814697266,0.0
2021-06-08,57.15999984741211,60.619998931884766,52.77000045776367,55.04999923706055,55.04999923706055,214490300,AMC,48.288074,49.34000015258789,0.0,5.709999084472656
2021-06-09,52.20000076293945,53.38999938964844,48.119998931884766,49.34000015258789,49.34000015258789,150361300,AMC,50.47482,42.810001373291016,-6.529998779296875,0.0
2021-06-10,47.93000030517578,51.5,39.709999084472656,42.810001373291016,42.810001373291016,224860600,AMC,51.203217,49.400001525878906,6.590000152587891,0.0
2021-06-16,56.13999938964844,57.34000015258789,51.86000061035156,55.18000030517578,55.18000030517578,166450700,AMC,51.50624,60.729999542236335,0.0,-5.549999237060554
2021-06-25,55.75,56.290000915527344,52.970001220703125,54.060001373291016,54.060001373291016,77596900,AMC,55.717396,58.11000061035156,4.049999237060547,0.0
2021-07-02,52.77000045776367,53.25,47.77000045776367,51.959999084472656,51.959999084472656,90271500,AMC,53.71508,49.959999084472656,-2.0,0.0
2021-07-07,47.70000076293945,48.9900016784668,42.79999923706055,45.06999969482422,45.06999969482422,95320200,AMC,52.05941,47.939998626708984,2.8699989318847656,0.0
2021-07-12,44.290000915527344,46.54999923706055,42.06999969482422,42.61000061035156,42.61000061035156,62986400,AMC,48.475986,39.349998474121094,-3.2600021362304688,0.0
2021-07-14,38.79999923706055,39.130001068115234,33.2400016784668,33.43000030517578,33.43000030517578,137830700,AMC,45.472088,36.0,2.5699996948242188,0.0
2021-07-23,37.779998779296875,38.400001525878906,34.689998626708984,36.9900016784668,36.9900016784668,85474800,AMC,38.70475,40.290000915527344,3.299999237060547,0.0
2021-07-27,39.9900016784668,40.29999923706055,37.060001373291016,38.0099983215332,38.0099983215332,55288900,AMC,38.65718,38.900001525878906,0.8900032043457031,0.0
2021-08-02,37.58000183105469,38.47999954223633,35.0099983215332,35.20000076293945,35.20000076293945,59061700,AMC,37.893417,33.59000015258789,-1.6100006103515625,0.0
2021-08-03,35.15999984741211,35.209999084472656,32.779998779296875,33.59000015258789,33.59000015258789,61740100,AMC,37.389427,29.84000015258789,-3.75,0.0
2021-08-10,36.900001525878906,37.15999984741211,31.440000534057617,31.75,31.75,116181500,AMC,33.79673,31.549999237060543,-0.20000076293945668,0.0
2021-08-13,32.20000076293945,34.47999954223633,31.8799991607666,33.470001220703125,33.470001220703125,57895500,AMC,32.773907,35.689998626708984,0.0,-2.2199974060058594
2021-08-31,44.15999984741211,47.15999984741211,44.04999923706055,47.130001068115234,47.130001068115234,127659600,AMC,41.1724,43.689998626708984,0.0,3.44000244140625
2021-09-02,43.869998931884766,44.900001525878906,42.369998931884766,44.380001068115234,44.380001068115234,67848800,AMC,42.51115,44.02000045776367,0.0,0.3600006103515625
2021-09-03,43.540000915527344,44.79999923706055,42.470001220703125,44.02000045776367,44.02000045776367,52109500,AMC,42.811737,47.83000183105469,0.0,-3.8100013732910156
